content,source,cleaned,t,sentiment_score,sentiment,tokens,joined,topik
Menyusahkan Mau cari pengaturan saja susah mau ganti alamat email saja susah,playstore,menyusahkan mau cari pengaturan saja susah mau ganti alamat email saja susah,"['menyusahkan', 'mau', 'cari', 'pengaturan', 'saja', 'susah', 'mau', 'ganti', 'alamat', 'email', 'saja', 'susah']",-32,negative,"['menyusahkan', 'cari', 'pengaturan', 'susah', 'ganti', 'alamat', 'email', 'susah']",menyusahkan cari pengaturan susah ganti alamat email susah,Topik 4 - OTP/Verifikasi Email
Otp lama,playstore,otp lama,"['otp', 'lama']",-4,negative,['otp'],otp,Topik 4 - OTP/Verifikasi Email
Jelek darimananya? Perasaan bagusÂ² aja dan pengiriman kodenya juga cepat.,playstore,jelek darimananya perasaan bagus aja dan pengiriman kodenya juga cepat,"['jelek', 'darimananya', 'perasaan', 'bagus', 'saja', 'dan', 'pengiriman', 'kodenya', 'juga', 'cepat']",-15,negative,"['jelek', 'darimananya', 'perasaan', 'bagus', 'aja', 'pengiriman', 'kodenya', 'cepat']",jelek darimananya perasaan bagus aja pengiriman kodenya cepat,Topik 4 - OTP/Verifikasi Email
Verivikasi email gak di kirim2,playstore,verivikasi email gak di kirim,"['verivikasi', 'email', 'tidak', 'di', 'kirim2']",-9,negative,"['verivikasi', 'email', 'gak', 'kirim']",verivikasi email gak kirim,Topik 4 - OTP/Verifikasi Email
"abis install ini tiba-tiba data email dan nomor hp berubah, hati-hati gak beres aplikasi ini.",playstore,abis install ini tibatiba data email dan nomor hp berubah hatihati gak beres aplikasi ini,"['habis', 'install', 'ini', 'tibatiba', 'data', 'email', 'dan', 'nomor', 'hp', 'berubah', 'hatihati', 'tidak', 'beres', 'aplikasi', 'ini']",-33,negative,"['abis', 'install', 'tibatiba', 'data', 'email', 'nomor', 'berubah', 'hatihati', 'gak', 'beres', 'aplikasi']",abis install tibatiba data email nomor berubah hatihati gak beres aplikasi,Topik 4 - OTP/Verifikasi Email
"Aplikasinya bagus banget, chat live susah banget buat nyambung ke agen. Lewat web browser djp online pun sama, sekarang kok gabisa ubah email lama? Tidak tersedia juga penghapusan akun djp online",playstore,aplikasinya bagus banget chat live susah banget buat nyambung ke agen lewat web browser djp online pun sama sekarang kok gabisa ubah email lama tidak tersedia juga penghapusan akun djp online,"['aplikasinya', 'bagus', 'banget', 'chat', 'live', 'susah', 'banget', 'buat', 'menyambung', 'ke', 'agen', 'lewat', 'web', 'browser', 'djp', 'online', 'pun', 'sama', 'sekarang', 'kok', 'tidak bisa', 'ubah', 'email', 'lama', 'tidak', 'tersedia', 'juga', 'penghapusan', 'akun', 'djp', 'online']",-65,negative,"['aplikasinya', 'bagus', 'banget', 'chat', 'live', 'susah', 'banget', 'nyambung', 'agen', 'web', 'browser', 'djp', 'online', 'gabisa', 'ubah', 'email', 'tersedia', 'penghapusan', 'akun', 'djp', 'online']",aplikasinya bagus banget chat live susah banget nyambung agen web browser djp online gabisa ubah email tersedia penghapusan akun djp online,Topik 4 - OTP/Verifikasi Email
"Aplikasi jelek, bikin akun ribet verivikasi 3 jam ga dapat otp apa apaan",playstore,aplikasi jelek bikin akun ribet verivikasi  jam ga dapat otp apa apaan,"['aplikasi', 'jelek', 'bikin', 'akun', 'ribet', 'verivikasi', '3', 'jam', 'tidak', 'dapat', 'otp', 'apa', 'apaan']",-54,negative,"['aplikasi', 'jelek', 'bikin', 'akun', 'ribet', 'verivikasi', 'jam', 'otp']",aplikasi jelek bikin akun ribet verivikasi jam otp,Topik 4 - OTP/Verifikasi Email
"Kocak kirim otp aja ampe sejam ,,apk gak jelas perbaiki lah,apk Negara kan",playstore,kocak kirim otp aja ampe sejam apk gak jelas perbaiki lahapk negara kan,"['kocak', 'kirim', 'otp', 'saja', 'sampai', 'sejam', 'apk', 'tidak', 'jelas', 'perbaiki', 'lahapk', 'negara', 'kan']",-46,negative,"['kocak', 'kirim', 'otp', 'aja', 'ampe', 'sejam', 'apk', 'gak', 'perbaiki', 'lahapk', 'negara']",kocak kirim otp aja ampe sejam apk gak perbaiki lahapk negara,Topik 4 - OTP/Verifikasi Email
"Aplikasi engga jelas, kirim OTP aja harus lebih dari 4Jam",playstore,aplikasi engga jelas kirim otp aja harus lebih dari jam,"['aplikasi', 'tidak', 'jelas', 'kirim', 'otp', 'saja', 'harus', 'lebih', 'dari', '4jam']",-29,negative,"['aplikasi', 'engga', 'kirim', 'otp', 'aja', 'jam']",aplikasi engga kirim otp aja jam,Topik 4 - OTP/Verifikasi Email
"Kode token nya kelamaan di kirem ke email nya, ğŸ˜",playstore,kode token nya kelamaan di kirem ke email nya,"['kode', 'token', 'ya', 'kelamaan', 'di', 'kirem', 'ke', 'email', 'ya']",-30,negative,"['kode', 'token', 'nya', 'kirem', 'email', 'nya']",kode token nya kirem email nya,Topik 4 - OTP/Verifikasi Email
"Kode di kirim lewat email,, 12 jam bru di kirim,, sama sekali gak guna",playstore,kode di kirim lewat email  jam bru di kirim sama sekali gak guna,"['kode', 'di', 'kirim', 'lewat', 'email', '12', 'jam', 'baru', 'di', 'kirim', 'sama', 'sekali', 'tidak', 'guna']",-41,negative,"['kode', 'kirim', 'email', 'jam', 'bru', 'kirim', 'gak']",kode kirim email jam bru kirim gak,Topik 4 - OTP/Verifikasi Email
Jelek banget ya aplikasinya gak bisa kirim otp. Coretax jg sama aja,playstore,jelek banget ya aplikasinya gak bisa kirim otp coretax jg sama aja,"['jelek', 'banget', 'ya', 'aplikasinya', 'tidak', 'bisa', 'kirim', 'otp', 'coretax', 'juga', 'sama', 'saja']",-55,negative,"['jelek', 'banget', 'aplikasinya', 'gak', 'kirim', 'otp', 'coretax', 'aja']",jelek banget aplikasinya gak kirim otp coretax aja,Topik 4 - OTP/Verifikasi Email
Lama banget kirim OTP nya,playstore,lama banget kirim otp nya,"['lama', 'banget', 'kirim', 'otp', 'ya']",-20,negative,"['banget', 'kirim', 'otp', 'nya']",banget kirim otp nya,Topik 4 - OTP/Verifikasi Email
"Email sudah benar tapi tidak ada otp yg dikirim terus, pake nomer hp malah gangguan terus, aplikasinya mempersulit sekali",playstore,email sudah benar tapi tidak ada otp yg dikirim terus pake nomer hp malah gangguan terus aplikasinya mempersulit sekali,"['email', 'sudah', 'benar', 'tapi', 'tidak', 'ada', 'otp', 'yang', 'dikirim', 'terus', 'pakai', 'nomer', 'hp', 'malah', 'gangguan', 'terus', 'aplikasinya', 'mempersulit', 'sekali']",-79,negative,"['email', 'otp', 'dikirim', 'pake', 'nomer', 'gangguan', 'aplikasinya', 'mempersulit']",email otp dikirim pake nomer gangguan aplikasinya mempersulit,Topik 4 - OTP/Verifikasi Email
Otp lama giliran udah ada ttp salah ko ada ya org bikin aplikasi ga guna ke gni,playstore,otp lama giliran udah ada ttp salah ko ada ya org bikin aplikasi ga guna ke gni,"['otp', 'lama', 'giliran', 'sudah', 'ada', 'tetap', 'salah', 'kok', 'ada', 'ya', 'orang', 'bikin', 'aplikasi', 'tidak', 'guna', 'ke', 'begini']",-89,negative,"['otp', 'giliran', 'udah', 'ttp', 'salah', 'org', 'bikin', 'aplikasi', 'gni']",otp giliran udah ttp salah org bikin aplikasi gni,Topik 4 - OTP/Verifikasi Email
aplikask kirim kode verivikasi aja lama hadeh,playstore,aplikask kirim kode verivikasi aja lama hadeh,"['aplikask', 'kirim', 'kode', 'verivikasi', 'saja', 'lama', 'hadeh']",-12,negative,"['aplikask', 'kirim', 'kode', 'verivikasi', 'aja', 'hadeh']",aplikask kirim kode verivikasi aja hadeh,Topik 4 - OTP/Verifikasi Email
"Knpa orang bnyak yg tidak bayar pajak ? Jawaban : karena pelayanan buruk.bnyk orang berkendala dari email ditunggu tidak muncul, layananya ditelfon gak mau angkat, bilang sibuk Mulu. Sebaiknya dipecat saja para pegawai nya,habis habisin Anggaran negara, gak fungsi.",playstore,knpa orang bnyak yg tidak bayar pajak  jawaban  karena pelayanan burukbnyk orang berkendala dari email ditunggu tidak muncul layananya ditelfon gak mau angkat bilang sibuk mulu sebaiknya dipecat saja para pegawai nyahabis habisin anggaran negara gak fungsi,"['kenapa', 'orang', 'banyak', 'yang', 'tidak', 'bayar', 'pajak', 'jawaban', 'karena', 'pelayanan', 'burukbnyk', 'orang', 'berkendala', 'dari', 'email', 'ditunggu', 'tidak', 'muncul', 'layananya', 'ditelfon', 'tidak', 'mau', 'angkat', 'bilang', 'sibuk', 'mulu', 'sebaiknya', 'dipecat', 'saja', 'para', 'pegawai', 'nyahabis', 'habisin', 'anggaran', 'negara', 'tidak', 'fungsi']",-97,negative,"['knpa', 'orang', 'bnyak', 'bayar', 'pajak', 'pelayanan', 'burukbnyk', 'orang', 'berkendala', 'email', 'ditunggu', 'muncul', 'layananya', 'ditelfon', 'gak', 'angkat', 'bilang', 'sibuk', 'mulu', 'dipecat', 'pegawai', 'nyahabis', 'habisin', 'anggaran', 'negara', 'gak', 'fungsi']",knpa orang bnyak bayar pajak pelayanan burukbnyk orang berkendala email ditunggu muncul layananya ditelfon gak angkat bilang sibuk mulu dipecat pegawai nyahabis habisin anggaran negara gak fungsi,Topik 4 - OTP/Verifikasi Email
VERIVIKASI KODE NYA LAMA & SETELAH MUNCUL KETERANGAN SALAH,playstore,verivikasi kode nya lama  setelah muncul keterangan salah,"['verivikasi', 'kode', 'ya', 'lama', 'setelah', 'muncul', 'keterangan', 'salah']",-23,negative,"['verivikasi', 'kode', 'nya', 'muncul', 'keterangan', 'salah']",verivikasi kode nya muncul keterangan salah,Topik 4 - OTP/Verifikasi Email
"nunggu otp 2 abad , niat gk bikin aplikasi",playstore,nunggu otp  abad  niat gk bikin aplikasi,"['menunggu', 'otp', '2', 'abad', 'niat', 'tidak', 'bikin', 'aplikasi']",-30,negative,"['nunggu', 'otp', 'abad', 'niat', 'bikin', 'aplikasi']",nunggu otp abad niat bikin aplikasi,Topik 4 - OTP/Verifikasi Email
"otp email lama ,, ampe kiamat gak di kirim2",playstore,otp email lama  ampe kiamat gak di kirim,"['otp', 'email', 'lama', 'sampai', 'kiamat', 'tidak', 'di', 'kirim2']",-20,negative,"['otp', 'email', 'ampe', 'kiamat', 'gak', 'kirim']",otp email ampe kiamat gak kirim,Topik 4 - OTP/Verifikasi Email
"OTP sangat lambat, mohon diperbaiki server kunonya",playstore,otp sangat lambat mohon diperbaiki server kunonya,"['otp', 'sangat', 'lambat', 'mohon', 'diperbaiki', 'server', 'kunonya']",-7,negative,"['otp', 'lambat', 'mohon', 'diperbaiki', 'server', 'kunonya']",otp lambat mohon diperbaiki server kunonya,Topik 4 - OTP/Verifikasi Email
Gimana sih mau live cht eror. Terus. Mau buat nvwp di chrom kode dari gmail ngk dikirm dikirm nya lama skli orang butuh kapan dikirim kapan. Ngk update bnget sih nyusahin,playstore,gimana sih mau live cht eror terus mau buat nvwp di chrom kode dari gmail ngk dikirm dikirm nya lama skli orang butuh kapan dikirim kapan ngk update bnget sih nyusahin,"['bagaimana', 'sih', 'mau', 'live', 'cht', 'eror', 'terus', 'mau', 'buat', 'nvwp', 'di', 'chrom', 'kode', 'dari', 'gmail', 'tidak', 'dikirm', 'dikirm', 'ya', 'lama', 'sekali', 'orang', 'butuh', 'kapan', 'dikirim', 'kapan', 'tidak', 'update', 'banget', 'sih', 'menyusahkan']",-102,negative,"['gimana', 'sih', 'live', 'cht', 'eror', 'nvwp', 'chrom', 'kode', 'gmail', 'ngk', 'dikirm', 'dikirm', 'nya', 'skli', 'orang', 'butuh', 'dikirim', 'ngk', 'update', 'bnget', 'sih', 'nyusahin']",gimana sih live cht eror nvwp chrom kode gmail ngk dikirm dikirm nya skli orang butuh dikirim ngk update bnget sih nyusahin,Topik 4 - OTP/Verifikasi Email
Minta kode aja lama banget harus nunggu berjam,playstore,minta kode aja lama banget harus nunggu berjam,"['meminta', 'kode', 'saja', 'lama', 'banget', 'harus', 'menunggu', 'berjam']",-26,negative,"['kode', 'aja', 'banget', 'nunggu', 'berjam']",kode aja banget nunggu berjam,Topik 4 - OTP/Verifikasi Email
"Kok gak bisa minta kode billing ny ,selalu eror",playstore,kok gak bisa minta kode billing ny selalu eror,"['kok', 'tidak', 'bisa', 'meminta', 'kode', 'billing', 'nya', 'selalu', 'eror']",-38,negative,"['gak', 'kode', 'billing', 'eror']",gak kode billing eror,Topik 4 - OTP/Verifikasi Email
email saya kok g sesuai email yg tertera di pajak.aneh,playstore,email saya kok g sesuai email yg tertera di pajakaneh,"['email', 'saya', 'kok', 'tidak', 'sesuai', 'email', 'yang', 'tertera', 'di', 'pajakaneh']",-14,negative,"['email', 'sesuai', 'email', 'tertera', 'pajakaneh']",email sesuai email tertera pajakaneh,Topik 4 - OTP/Verifikasi Email
"Kembalikan kotak centang lupa email,",playstore,kembalikan kotak centang lupa email,"['kembalikan', 'kotak', 'centang', 'lupa', 'email']",-8,negative,"['kembalikan', 'kotak', 'centang', 'lupa', 'email']",kembalikan kotak centang lupa email,Topik 4 - OTP/Verifikasi Email
OTP lama banget. Uang pajak banyak bikin aplikasi sulit,playstore,otp lama banget uang pajak banyak bikin aplikasi sulit,"['otp', 'lama', 'banget', 'uang', 'pajak', 'banyak', 'bikin', 'aplikasi', 'sulit']",-58,negative,"['otp', 'banget', 'uang', 'pajak', 'bikin', 'aplikasi', 'sulit']",otp banget uang pajak bikin aplikasi sulit,Topik 4 - OTP/Verifikasi Email
"Alhamdulillah sistemnya udah di update, tanya kode ifin langsung patass. Ok tingkatkan lagi untuk mempermudah masyarakat, untuk taat perpajakan",playstore,alhamdulillah sistemnya udah di update tanya kode ifin langsung patass ok tingkatkan lagi untuk mempermudah masyarakat untuk taat perpajakan,"['alhamdulillah', 'sistemnya', 'sudah', 'di', 'update', 'tanya', 'kode', 'ifin', 'langsung', 'patass', 'ok', 'tingkatkan', 'lagi', 'untuk', 'mempermudah', 'masyarakat', 'untuk', 'taat', 'perpajakan']",-27,negative,"['alhamdulillah', 'sistemnya', 'udah', 'update', 'kode', 'ifin', 'langsung', 'patass', 'tingkatkan', 'mempermudah', 'masyarakat', 'taat', 'perpajakan']",alhamdulillah sistemnya udah update kode ifin langsung patass tingkatkan mempermudah masyarakat taat perpajakan,Topik 4 - OTP/Verifikasi Email
"SUMPAH LU GA GUNA BANGET NJIRRR, ga bisa verivikasi otp ngabisin pulsa ajağŸ™„",playstore,sumpah lu ga guna banget njirrr ga bisa verivikasi otp ngabisin pulsa aja,"['sumpah', 'kamu', 'tidak', 'guna', 'banget', 'anjir', 'tidak', 'bisa', 'verivikasi', 'otp', 'ngabisin', 'pulsa', 'saja']",-57,negative,"['sumpah', 'banget', 'njirrr', 'verivikasi', 'otp', 'ngabisin', 'pulsa', 'aja']",sumpah banget njirrr verivikasi otp ngabisin pulsa aja,Topik 4 - OTP/Verifikasi Email
Validasi otp gagal terusss,playstore,validasi otp gagal terusss,"['validasi', 'otp', 'gagal', 'terus']",-18,negative,"['validasi', 'otp', 'gagal', 'terusss']",validasi otp gagal terusss,Topik 4 - OTP/Verifikasi Email
Otp verif gabisa di klik,playstore,otp verif gabisa di klik,"['otp', 'verif', 'tidak bisa', 'di', 'klik']",-18,negative,"['otp', 'verif', 'gabisa', 'klik']",otp verif gabisa klik,Topik 4 - OTP/Verifikasi Email
"Cik atuh lewat WhatsApp otp tuh kan udah canggih, dana kalian kan besar masa iya sistem otp masih jadul pake SMS, mana beban di tangguhkan ke kita sebagai user, please lah kalian tuh perusahaan besar bukan perusahaan iclik, sistem CCD",playstore,cik atuh lewat whatsapp otp tuh kan udah canggih dana kalian kan besar masa iya sistem otp masih jadul pake sms mana beban di tangguhkan ke kita sebagai user please lah kalian tuh perusahaan besar bukan perusahaan iclik sistem ccd,"['cik', 'atuh', 'lewat', 'whatsapp', 'otp', 'tuh', 'kan', 'sudah', 'canggih', 'dana', 'kalian', 'kan', 'besar', 'masa', 'iya', 'sistem', 'otp', 'masih', 'jadul', 'pakai', 'sms', 'mana', 'beban', 'di', 'tangguhkan', 'ke', 'kita', 'sebagai', 'user', 'please', 'lah', 'kalian', 'tuh', 'perusahaan', 'besar', 'bukan', 'perusahaan', 'iclik', 'sistem', 'ccd']",-61,negative,"['cik', 'atuh', 'whatsapp', 'otp', 'tuh', 'udah', 'canggih', 'dana', 'iya', 'sistem', 'otp', 'jadul', 'pake', 'sms', 'beban', 'tangguhkan', 'user', 'please', 'tuh', 'perusahaan', 'perusahaan', 'iclik', 'sistem', 'ccd']",cik atuh whatsapp otp tuh udah canggih dana iya sistem otp jadul pake sms beban tangguhkan user please tuh perusahaan perusahaan iclik sistem ccd,Topik 4 - OTP/Verifikasi Email
Ngabisin pulsa doang buat minta otp,playstore,ngabisin pulsa doang buat minta otp,"['ngabisin', 'pulsa', 'doang', 'buat', 'meminta', 'otp']",-2,negative,"['ngabisin', 'pulsa', 'doang', 'otp']",ngabisin pulsa doang otp,Topik 4 - OTP/Verifikasi Email
"Aplikasi tolol, ga di website dan di aplikasi ga ada bedanya buat konfirmasi OTP ga ke kirim kirim, nomor udh di cross check berkali kali, udh nunggu berjam jam tetep ga bisa",playstore,aplikasi tolol ga di website dan di aplikasi ga ada bedanya buat konfirmasi otp ga ke kirim kirim nomor udh di cross check berkali kali udh nunggu berjam jam tetep ga bisa,"['aplikasi', 'tolol', 'tidak', 'di', 'website', 'dan', 'di', 'aplikasi', 'tidak', 'ada', 'bedanya', 'buat', 'konfirmasi', 'otp', 'tidak', 'ke', 'kirim', 'kirim', 'nomor', 'sudah', 'di', 'cross', 'check', 'berkali', 'kali', 'sudah', 'menunggu', 'berjam', 'jam', 'tetap', 'tidak', 'bisa']",-107,negative,"['aplikasi', 'tolol', 'website', 'aplikasi', 'bedanya', 'konfirmasi', 'otp', 'kirim', 'kirim', 'nomor', 'udh', 'cross', 'check', 'berkali', 'kali', 'udh', 'nunggu', 'berjam', 'jam', 'tetep']",aplikasi tolol website aplikasi bedanya konfirmasi otp kirim kirim nomor udh cross check berkali kali udh nunggu berjam jam tetep,Topik 4 - OTP/Verifikasi Email
"Webnya eror, gak bisa ngisi kode wilayah",playstore,webnya eror gak bisa ngisi kode wilayah,"['webnya', 'eror', 'tidak', 'bisa', 'ngisi', 'kode', 'wilayah']",-30,negative,"['webnya', 'eror', 'gak', 'ngisi', 'kode', 'wilayah']",webnya eror gak ngisi kode wilayah,Topik 4 - OTP/Verifikasi Email
Nunggu balesan email aja susah nya minta ampun,playstore,nunggu balesan email aja susah nya minta ampun,"['menunggu', 'balesan', 'email', 'saja', 'susah', 'ya', 'meminta', 'ampun']",-17,negative,"['nunggu', 'balesan', 'email', 'aja', 'susah', 'nya', 'ampun']",nunggu balesan email aja susah nya ampun,Topik 4 - OTP/Verifikasi Email
Asli busuk banget smpe pulsa hbis gk bisa verti otp,playstore,asli busuk banget smpe pulsa hbis gk bisa verti otp,"['asli', 'busuk', 'banget', 'sampai', 'pulsa', 'habis', 'tidak', 'bisa', 'verti', 'otp']",-55,negative,"['asli', 'busuk', 'banget', 'smpe', 'pulsa', 'hbis', 'verti', 'otp']",asli busuk banget smpe pulsa hbis verti otp,Topik 4 - OTP/Verifikasi Email
"Aduh saya bingung , saya datang kekantor pajak , malah disuruh aktivasi aja lewat apk , giliran aktivasi Effien , kode aktivasi nya gakeluar melalui email.",playstore,aduh saya bingung  saya datang kekantor pajak  malah disuruh aktivasi aja lewat apk  giliran aktivasi effien  kode aktivasi nya gakeluar melalui email,"['aduh', 'saya', 'bingung', 'saya', 'datang', 'kekantor', 'pajak', 'malah', 'disuruh', 'aktivasi', 'saja', 'lewat', 'apk', 'giliran', 'aktivasi', 'effien', 'kode', 'aktivasi', 'ya', 'gakeluar', 'melalui', 'email']",-50,negative,"['aduh', 'bingung', 'kekantor', 'pajak', 'disuruh', 'aktivasi', 'aja', 'apk', 'giliran', 'aktivasi', 'effien', 'kode', 'aktivasi', 'nya', 'gakeluar', 'email']",aduh bingung kekantor pajak disuruh aktivasi aja apk giliran aktivasi effien kode aktivasi nya gakeluar email,Topik 4 - OTP/Verifikasi Email
Gak guna cok sruh nunggu 10 mnit krim kode nmor dah bner. Tpi gk ad sms msuk. Lawak,playstore,gak guna cok sruh nunggu  mnit krim kode nmor dah bner tpi gk ad sms msuk lawak,"['tidak', 'guna', 'cok', 'sruh', 'menunggu', '10', 'mnit', 'krim', 'kode', 'nmor', 'sudah', 'benar', 'tapi', 'tidak', 'ada', 'sms', 'masuk', 'lawak']",-65,negative,"['gak', 'cok', 'sruh', 'nunggu', 'mnit', 'krim', 'kode', 'nmor', 'dah', 'bner', 'tpi', 'sms', 'msuk', 'lawak']",gak cok sruh nunggu mnit krim kode nmor dah bner tpi sms msuk lawak,Topik 4 - OTP/Verifikasi Email
gak bisa buat kode ebiling,playstore,gak bisa buat kode ebiling,"['tidak', 'bisa', 'buat', 'kode', 'ebiling']",-20,negative,"['gak', 'kode', 'ebiling']",gak kode ebiling,Topik 4 - OTP/Verifikasi Email
"KORUPSI LAGI SI PAJAK INI TOLOLLLL, APLIKASI GAK GUNA, WEB JUGA GAK GUNA, SETIAP MAU TULIS EMAIL PAKE ""@"" LANGSUNG KE RESET TULISANNYA TOLOLLLL WONG PAJAK WONG KORUPSI TOLOLLLL",playstore,korupsi lagi si pajak ini tolollll aplikasi gak guna web juga gak guna setiap mau tulis email pake  langsung ke reset tulisannya tolollll wong pajak wong korupsi tolollll,"['korupsi', 'lagi', 'sih', 'pajak', 'ini', 'tolollll', 'aplikasi', 'tidak', 'guna', 'web', 'juga', 'tidak', 'guna', 'setiap', 'mau', 'tulis', 'email', 'pakai', 'langsung', 'ke', 'reset', 'tulisannya', 'tolollll', 'wong', 'pajak', 'wong', 'korupsi', 'tolollll']",-63,negative,"['korupsi', 'pajak', 'tolollll', 'aplikasi', 'gak', 'web', 'gak', 'tulis', 'email', 'pake', 'langsung', 'reset', 'tulisannya', 'tolollll', 'pajak', 'korupsi', 'tolollll']",korupsi pajak tolollll aplikasi gak web gak tulis email pake langsung reset tulisannya tolollll pajak korupsi tolollll,Topik 4 - OTP/Verifikasi Email
Mengapa saat kita mengisi form untuk alamat email hilang terus dan huruf menjadi besar,playstore,mengapa saat kita mengisi form untuk alamat email hilang terus dan huruf menjadi besar,"['mengapa', 'saat', 'kita', 'mengisi', 'form', 'untuk', 'alamat', 'email', 'hilang', 'terus', 'dan', 'huruf', 'menjadi', 'besar']",-4,negative,"['mengisi', 'form', 'alamat', 'email', 'hilang', 'huruf']",mengisi form alamat email hilang huruf,Topik 4 - OTP/Verifikasi Email
Aplikasi payah otp aja ngga di kirim kirim,playstore,aplikasi payah otp aja ngga di kirim kirim,"['aplikasi', 'payah', 'otp', 'saja', 'tidak', 'di', 'kirim', 'kirim']",-35,negative,"['aplikasi', 'payah', 'otp', 'aja', 'ngga', 'kirim', 'kirim']",aplikasi payah otp aja ngga kirim kirim,Topik 4 - OTP/Verifikasi Email
"Aplkasi b2 minta otp gak muncul, bantuan nye sengaja di erorin",playstore,aplkasi b minta otp gak muncul bantuan nye sengaja di erorin,"['aplkasi', 'berdua', 'meminta', 'otp', 'tidak', 'muncul', 'bantuan', 'nye', 'sengaja', 'di', 'erorin']",-21,negative,"['aplkasi', 'otp', 'gak', 'muncul', 'bantuan', 'nye', 'sengaja', 'erorin']",aplkasi otp gak muncul bantuan nye sengaja erorin,Topik 4 - OTP/Verifikasi Email
Sudah membuat kode billing. Namun ketika akna membayar. Kode billing tidak ditemukan.,playstore,sudah membuat kode billing namun ketika akna membayar kode billing tidak ditemukan,"['sudah', 'membuat', 'kode', 'billing', 'namun', 'ketika', 'akna', 'membayar', 'kode', 'billing', 'tidak', 'ditemukan']",-26,negative,"['kode', 'billing', 'akna', 'membayar', 'kode', 'billing', 'ditemukan']",kode billing akna membayar kode billing ditemukan,Topik 4 - OTP/Verifikasi Email
"Aplikasi Kurang Membantu, Maunya Apa Nih...Di Chat,kring, Email Kaga Ada Balasan Sama Sekali",playstore,aplikasi kurang membantu maunya apa nihdi chatkring email kaga ada balasan sama sekali,"['aplikasi', 'kurang', 'membantu', 'maunya', 'apa', 'nihdi', 'chatkring', 'email', 'kagak', 'ada', 'balasan', 'sama', 'sekali']",-24,negative,"['aplikasi', 'membantu', 'maunya', 'nihdi', 'chatkring', 'email', 'kaga', 'balasan']",aplikasi membantu maunya nihdi chatkring email kaga balasan,Topik 4 - OTP/Verifikasi Email
"susah amat otpnya, pulsa melayang layang percuma",playstore,susah amat otpnya pulsa melayang layang percuma,"['susah', 'amat', 'otpnya', 'pulsa', 'melayang', 'layang', 'percuma']",-15,negative,"['susah', 'otpnya', 'pulsa', 'melayang', 'layang']",susah otpnya pulsa melayang layang,Topik 4 - OTP/Verifikasi Email
Di buat susah pada saat pengiriman otp hanya buat pulsa habis saja,playstore,di buat susah pada saat pengiriman otp hanya buat pulsa habis saja,"['di', 'buat', 'susah', 'pada', 'saat', 'pengiriman', 'otp', 'hanya', 'buat', 'pulsa', 'habis', 'saja']",-36,negative,"['susah', 'pengiriman', 'otp', 'pulsa', 'habis']",susah pengiriman otp pulsa habis,Topik 4 - OTP/Verifikasi Email
Sngt gg profesional. Otp trobel terus,playstore,sngt gg profesional otp trobel terus,"['sangat', 'tidak', 'profesional', 'otp', 'trobel', 'terus']",-23,negative,"['sngt', 'profesional', 'otp', 'trobel']",sngt profesional otp trobel,Topik 4 - OTP/Verifikasi Email
"Aplikasi pajak koc begini ya kualitas nya, sudah registrasi di bilang email tidak aktif padahal tiap hari di pakai,mau buat ulang makai email itu bilang nya email sudah di gunakan. Trus harus gymna?? Tolong donk kalo buat Apk di maksimalkan, ini aplikasi sekelas Pajak koc begini???????",playstore,aplikasi pajak koc begini ya kualitas nya sudah registrasi di bilang email tidak aktif padahal tiap hari di pakaimau buat ulang makai email itu bilang nya email sudah di gunakan trus harus gymna tolong donk kalo buat apk di maksimalkan ini aplikasi sekelas pajak koc begini,"['aplikasi', 'pajak', 'koc', 'begini', 'ya', 'kualitas', 'ya', 'sudah', 'registrasi', 'di', 'bilang', 'email', 'tidak', 'aktif', 'padahal', 'tiap', 'hari', 'di', 'pakaimau', 'buat', 'ulang', 'makai', 'email', 'itu', 'bilang', 'ya', 'email', 'sudah', 'di', 'gunakan', 'terus', 'harus', 'gymna', 'tolong', 'dong', 'kalau', 'buat', 'apk', 'di', 'maksimalkan', 'ini', 'aplikasi', 'sekelas', 'pajak', 'koc', 'begini']",-151,negative,"['aplikasi', 'pajak', 'koc', 'kualitas', 'nya', 'registrasi', 'bilang', 'email', 'aktif', 'pakaimau', 'ulang', 'makai', 'email', 'bilang', 'nya', 'email', 'trus', 'gymna', 'tolong', 'donk', 'kalo', 'apk', 'maksimalkan', 'aplikasi', 'sekelas', 'pajak', 'koc']",aplikasi pajak koc kualitas nya registrasi bilang email aktif pakaimau ulang makai email bilang nya email trus gymna tolong donk kalo apk maksimalkan aplikasi sekelas pajak koc,Topik 4 - OTP/Verifikasi Email
Jangan mbodoi rakyat otp ngak gratis capcay ngak pernah di lolosin kenapa pasang aplikasi klu di persulit suka knibal teman makan teman,playstore,jangan mbodoi rakyat otp ngak gratis capcay ngak pernah di lolosin kenapa pasang aplikasi klu di persulit suka knibal teman makan teman,"['jangan', 'mbodoi', 'rakyat', 'otp', 'tidak', 'gratis', 'capcay', 'tidak', 'pernah', 'di', 'lolosin', 'kenapa', 'pasang', 'aplikasi', 'kalau', 'di', 'persulit', 'suka', 'knibal', 'teman', 'makan', 'teman']",-61,negative,"['mbodoi', 'rakyat', 'otp', 'ngak', 'gratis', 'capcay', 'ngak', 'lolosin', 'pasang', 'aplikasi', 'klu', 'persulit', 'suka', 'knibal', 'teman', 'makan', 'teman']",mbodoi rakyat otp ngak gratis capcay ngak lolosin pasang aplikasi klu persulit suka knibal teman makan teman,Topik 4 - OTP/Verifikasi Email
Mau minta no epin udah du kirim ke email..tpi gk ada sampe sekarang saya cek di email..gk muncul muncul..emg dari dlu gk cek ini aplikasi berpungsi aoa gknya..,playstore,mau minta no epin udah du kirim ke emailtpi gk ada sampe sekarang saya cek di emailgk muncul munculemg dari dlu gk cek ini aplikasi berpungsi aoa gknya,"['mau', 'meminta', 'no', 'epin', 'sudah', 'du', 'kirim', 'ke', 'emailtpi', 'tidak', 'ada', 'sampai', 'sekarang', 'saya', 'cek', 'di', 'emailgk', 'muncul', 'munculemg', 'dari', 'dulu', 'tidak', 'cek', 'ini', 'aplikasi', 'berpungsi', 'aoa', 'gknya']",-76,negative,"['epin', 'udah', 'kirim', 'emailtpi', 'sampe', 'cek', 'emailgk', 'muncul', 'munculemg', 'dlu', 'cek', 'aplikasi', 'berpungsi', 'aoa', 'gknya']",epin udah kirim emailtpi sampe cek emailgk muncul munculemg dlu cek aplikasi berpungsi aoa gknya,Topik 4 - OTP/Verifikasi Email
"Kirim kode aktivasinya terlalu lama, disarankan lebih baik tidak perlu menggunakan kode aktivasi kalau begini. Bikin lama menunggu, kalau terlalu lama nanti aplikasi keburu minta refresh. Lalu minta kirim kode aktivasi lagi. Begitu terus",playstore,kirim kode aktivasinya terlalu lama disarankan lebih baik tidak perlu menggunakan kode aktivasi kalau begini bikin lama menunggu kalau terlalu lama nanti aplikasi keburu minta refresh lalu minta kirim kode aktivasi lagi begitu terus,"['kirim', 'kode', 'aktivasinya', 'terlalu', 'lama', 'disarankan', 'lebih', 'baik', 'tidak', 'perlu', 'menggunakan', 'kode', 'aktivasi', 'kalau', 'begini', 'bikin', 'lama', 'menunggu', 'kalau', 'terlalu', 'lama', 'nanti', 'aplikasi', 'keburu', 'meminta', 'refresh', 'lalu', 'meminta', 'kirim', 'kode', 'aktivasi', 'lagi', 'begitu', 'terus']",-79,negative,"['kirim', 'kode', 'aktivasinya', 'disarankan', 'kode', 'aktivasi', 'bikin', 'menunggu', 'aplikasi', 'keburu', 'refresh', 'kirim', 'kode', 'aktivasi']",kirim kode aktivasinya disarankan kode aktivasi bikin menunggu aplikasi keburu refresh kirim kode aktivasi,Topik 4 - OTP/Verifikasi Email
Kirim OTP via sms susah amat,playstore,kirim otp via sms susah amat,"['kirim', 'otp', 'via', 'sms', 'susah', 'amat']",-3,negative,"['kirim', 'otp', 'via', 'sms', 'susah']",kirim otp via sms susah,Topik 4 - OTP/Verifikasi Email
tolong diupdate jenis setoran pajaknya kode 920 dll msh blm adağŸ™ğŸ™,playstore,tolong diupdate jenis setoran pajaknya kode  dll msh blm ada,"['tolong', 'diupdate', 'jenis', 'setoran', 'pajaknya', 'kode', '920', 'dll', 'masih', 'belum', 'ada']",-26,negative,"['tolong', 'diupdate', 'jenis', 'setoran', 'pajaknya', 'kode', 'dll', 'msh', 'blm']",tolong diupdate jenis setoran pajaknya kode dll msh blm,Topik 4 - OTP/Verifikasi Email
"""Tombol"" Buat kode billing ndak aktif terus... ğŸ¤¦ tolooong!!!!",playstore,tombol buat kode billing ndak aktif terus  tolooong,"['tombol', 'buat', 'kode', 'billing', 'indak', 'aktif', 'terus', 'tolooong']",-14,negative,"['tombol', 'kode', 'billing', 'ndak', 'aktif', 'tolooong']",tombol kode billing ndak aktif tolooong,Topik 4 - OTP/Verifikasi Email
"dua bulan ini ""tombol buat kode billing"" ndak aktif, mau buat kode billing ndak bisa, sebelumnya lancar",playstore,dua bulan ini tombol buat kode billing ndak aktif mau buat kode billing ndak bisa sebelumnya lancar,"['dua', 'bulan', 'ini', 'tombol', 'buat', 'kode', 'billing', 'indak', 'aktif', 'mau', 'buat', 'kode', 'billing', 'indak', 'bisa', 'sebelumnya', 'lancar']",-32,negative,"['tombol', 'kode', 'billing', 'ndak', 'aktif', 'kode', 'billing', 'ndak', 'lancar']",tombol kode billing ndak aktif kode billing ndak lancar,Topik 4 - OTP/Verifikasi Email
Ga bisa buat kode billing. Aplikasi ga jelas. Gmna mau byr pajak.,playstore,ga bisa buat kode billing aplikasi ga jelas gmna mau byr pajak,"['tidak', 'bisa', 'buat', 'kode', 'billing', 'aplikasi', 'tidak', 'jelas', 'bagaimana', 'mau', 'byr', 'pajak']",-51,negative,"['kode', 'billing', 'aplikasi', 'gmna', 'byr', 'pajak']",kode billing aplikasi gmna byr pajak,Topik 4 - OTP/Verifikasi Email
Saat minta kode billong malah gak bisa di ketik kolom setelah nama,playstore,saat minta kode billong malah gak bisa di ketik kolom setelah nama,"['saat', 'meminta', 'kode', 'billong', 'malah', 'tidak', 'bisa', 'di', 'ketik', 'kolom', 'setelah', 'nama']",-38,negative,"['kode', 'billong', 'gak', 'ketik', 'kolom', 'nama']",kode billong gak ketik kolom nama,Topik 4 - OTP/Verifikasi Email
Kode Vertifikasi kok lama banget,playstore,kode vertifikasi kok lama banget,"['kode', 'vertifikasi', 'kok', 'lama', 'banget']",-25,negative,"['kode', 'vertifikasi', 'banget']",kode vertifikasi banget,Topik 4 - OTP/Verifikasi Email
"Kaya gak guna aja apknya,, buat cetak kode biling aja gak bisa,,, menunya jg gak lrngkap, banyak yang eror,,,menu menunya jg beberapa dialihkan ke web,,, harusnya sekelas dirjen pajak apk dan layananya harus wajib diperbaiki,,, masyarakat yang udah sadar pentingnya pajak harusnya dipermudah bukan dipersulit bayarnya tau tau dapet surat dendağŸ¥´ğŸ¥´ğŸ¥´",playstore,kaya gak guna aja apknya buat cetak kode biling aja gak bisa menunya jg gak lrngkap banyak yang erormenu menunya jg beberapa dialihkan ke web harusnya sekelas dirjen pajak apk dan layananya harus wajib diperbaiki masyarakat yang udah sadar pentingnya pajak harusnya dipermudah bukan dipersulit bayarnya tau tau dapet surat denda,"['kayak', 'tidak', 'guna', 'saja', 'apknya', 'buat', 'cetak', 'kode', 'biling', 'saja', 'tidak', 'bisa', 'menunya', 'juga', 'tidak', 'lrngkap', 'banyak', 'yang', 'erormenu', 'menunya', 'juga', 'beberapa', 'dialihkan', 'ke', 'web', 'harusnya', 'sekelas', 'dirjen', 'pajak', 'apk', 'dan', 'layananya', 'harus', 'wajib', 'diperbaiki', 'masyarakat', 'yang', 'sudah', 'sadar', 'pentingnya', 'pajak', 'harusnya', 'dipermudah', 'bukan', 'dipersulit', 'bayarnya', 'tau', 'tau', 'dapat', 'surat', 'denda']",-111,negative,"['kaya', 'gak', 'aja', 'apknya', 'cetak', 'kode', 'biling', 'aja', 'gak', 'menunya', 'gak', 'lrngkap', 'erormenu', 'menunya', 'dialihkan', 'web', 'sekelas', 'dirjen', 'pajak', 'apk', 'layananya', 'wajib', 'diperbaiki', 'masyarakat', 'udah', 'sadar', 'pajak', 'dipermudah', 'dipersulit', 'bayarnya', 'tau', 'tau', 'dapet', 'surat', 'denda']",kaya gak aja apknya cetak kode biling aja gak menunya gak lrngkap erormenu menunya dialihkan web sekelas dirjen pajak apk layananya wajib diperbaiki masyarakat udah sadar pajak dipermudah dipersulit bayarnya tau tau dapet surat denda,Topik 4 - OTP/Verifikasi Email
Ribet tgl kirim otp aja paje syarat ga bs krtu axis xl tri aneh,playstore,ribet tgl kirim otp aja paje syarat ga bs krtu axis xl tri aneh,"['ribet', 'tanggal', 'kirim', 'otp', 'saja', 'paje', 'syarat', 'tidak', 'bisa', 'krtu', 'axis', 'xl', 'tri', 'aneh']",-36,negative,"['ribet', 'tgl', 'kirim', 'otp', 'aja', 'paje', 'syarat', 'krtu', 'axis', 'tri', 'aneh']",ribet tgl kirim otp aja paje syarat krtu axis tri aneh,Topik 4 - OTP/Verifikasi Email
"Buat bayar pajak aja di persulit, Layanan untuk OTP Tri tidak tersedia",playstore,buat bayar pajak aja di persulit layanan untuk otp tri tidak tersedia,"['buat', 'bayar', 'pajak', 'saja', 'di', 'persulit', 'layanan', 'untuk', 'otp', 'tri', 'tidak', 'tersedia']",-34,negative,"['bayar', 'pajak', 'aja', 'persulit', 'layanan', 'otp', 'tri', 'tersedia']",bayar pajak aja persulit layanan otp tri tersedia,Topik 4 - OTP/Verifikasi Email
Ribet otp segala.. Capca segala.. Hadehhb.. Persulit sekali,playstore,ribet otp segala capca segala hadehhb persulit sekali,"['ribet', 'otp', 'segala', 'capca', 'segala', 'hadehhb', 'persulit', 'sekali']",-19,negative,"['ribet', 'otp', 'capca', 'hadehhb', 'persulit']",ribet otp capca hadehhb persulit,Topik 4 - OTP/Verifikasi Email
"Susah log in , pdhal email sandi udah tercatat & benar ..",playstore,susah log in  pdhal email sandi udah tercatat  benar,"['susah', 'log', 'ini', 'padahal', 'email', 'sandi', 'sudah', 'tercatat', 'benar']",-27,negative,"['susah', 'log', 'pdhal', 'email', 'sandi', 'udah', 'tercatat']",susah log pdhal email sandi udah tercatat,Topik 4 - OTP/Verifikasi Email
"Ampuuuuuun dah, web dan apk sama aja email riset pin. sampai ulasan ini aku buat udah 10 x permohonan riset pin namun email riset pin gak kunjung di kirim. Kerja bagus untuk petugas dan system djb,.salut sayağŸ˜˜ğŸ˜˜ğŸ˜˜ğŸ˜˜ğŸ˜˜ğŸ¤©ğŸ¤©ğŸ¤©ğŸ¤©ğŸ¤­ğŸ¤­ğŸ¤­ğŸ«¢ğŸ«¢",playstore,ampuuuuuun dah web dan apk sama aja email riset pin sampai ulasan ini aku buat udah  x permohonan riset pin namun email riset pin gak kunjung di kirim kerja bagus untuk petugas dan system djbsalut saya,"['ampuuuuuun', 'sudah', 'web', 'dan', 'apk', 'sama', 'saja', 'email', 'riset', 'pin', 'sampai', 'ulasan', 'ini', 'aku', 'buat', 'sudah', '10', 'kali', 'permohonan', 'riset', 'pin', 'namun', 'email', 'riset', 'pin', 'tidak', 'kunjung', 'di', 'kirim', 'kerja', 'bagus', 'untuk', 'petugas', 'dan', 'system', 'djbsalut', 'saya']",-58,negative,"['ampuuuuuun', 'dah', 'web', 'apk', 'aja', 'email', 'riset', 'pin', 'ulasan', 'udah', 'permohonan', 'riset', 'pin', 'email', 'riset', 'pin', 'gak', 'kunjung', 'kirim', 'kerja', 'bagus', 'petugas', 'system', 'djbsalut']",ampuuuuuun dah web apk aja email riset pin ulasan udah permohonan riset pin email riset pin gak kunjung kirim kerja bagus petugas system djbsalut,Topik 4 - OTP/Verifikasi Email
"Susah skli Dftar smpai k lngkah 2, rquest OTP ggal2 trus Pdhal krtu sim aktiv, jg ad plsa, pkai krtu tlkomsel jg, urus d kkp trdkat gk bisa bntu hrus ssuai wilyah KTP msak cman urus kita byar pjak msih d prsulit",playstore,susah skli dftar smpai k lngkah  rquest otp ggal trus pdhal krtu sim aktiv jg ad plsa pkai krtu tlkomsel jg urus d kkp trdkat gk bisa bntu hrus ssuai wilyah ktp msak cman urus kita byar pjak msih d prsulit,"['susah', 'sekali', 'dftar', 'sampai', 'ke', 'lngkah', '2', 'rquest', 'otp', 'ggal2', 'terus', 'padahal', 'krtu', 'sim', 'aktiv', 'juga', 'ada', 'pulsa', 'pakai', 'krtu', 'tlkomsel', 'juga', 'urus', 'di', 'kkp', 'trdkat', 'tidak', 'bisa', 'bantu', 'harus', 'ssuai', 'wilyah', 'ktp', 'msak', 'cuman', 'urus', 'kita', 'byar', 'pjak', 'masih', 'di', 'prsulit']",-65,negative,"['susah', 'skli', 'dftar', 'smpai', 'lngkah', 'rquest', 'otp', 'ggal', 'trus', 'pdhal', 'krtu', 'sim', 'aktiv', 'plsa', 'pkai', 'krtu', 'tlkomsel', 'urus', 'kkp', 'trdkat', 'bntu', 'hrus', 'ssuai', 'wilyah', 'ktp', 'msak', 'cman', 'urus', 'byar', 'pjak', 'msih', 'prsulit']",susah skli dftar smpai lngkah rquest otp ggal trus pdhal krtu sim aktiv plsa pkai krtu tlkomsel urus kkp trdkat bntu hrus ssuai wilyah ktp msak cman urus byar pjak msih prsulit,Topik 4 - OTP/Verifikasi Email
Payah validasi OTP aja gk bisa bisa ... Udah seharian nyoba tetep aja gagal ...,playstore,payah validasi otp aja gk bisa bisa  udah seharian nyoba tetep aja gagal,"['payah', 'validasi', 'otp', 'saja', 'tidak', 'bisa', 'bisa', 'sudah', 'seharian', 'mencoba', 'tetap', 'saja', 'gagal']",-57,negative,"['payah', 'validasi', 'otp', 'aja', 'udah', 'seharian', 'nyoba', 'tetep', 'aja', 'gagal']",payah validasi otp aja udah seharian nyoba tetep aja gagal,Topik 4 - OTP/Verifikasi Email
"Tlong lh sy udh bnyk hbiss plsa bkin ini,di blng no otp berhsil truss di blng no hp valid gamn sih",playstore,tlong lh sy udh bnyk hbiss plsa bkin inidi blng no otp berhsil truss di blng no hp valid gamn sih,"['tlong', 'boleh', 'saya', 'sudah', 'banyak', 'hbiss', 'pulsa', 'bikin', 'inidi', 'bilang', 'no', 'otp', 'berhsil', 'truss', 'di', 'bilang', 'no', 'hp', 'valid', 'gamn', 'sih']",-40,negative,"['tlong', 'udh', 'bnyk', 'hbiss', 'plsa', 'bkin', 'inidi', 'blng', 'otp', 'berhsil', 'truss', 'blng', 'valid', 'gamn', 'sih']",tlong udh bnyk hbiss plsa bkin inidi blng otp berhsil truss blng valid gamn sih,Topik 4 - OTP/Verifikasi Email
"Sangat jelek,LOLA pake data seluler LOLA pake WIFI LOLA beda HP juga LOLA + ribet, lupa pasword aja suruh paje effin sedangkan effin ngga di kirimkan di email, ujung ujungnya suruh ke KPP Sedangkan KPP terdekat berjarak 40 km jadi fungsinya online buat apa kalo ujung ujungnya suruh datang ke KPP SANGAT TIDAK EFISIEN DAN MERIBETKAN MASYARAKAT",playstore,sangat jeleklola pake data seluler lola pake wifi lola beda hp juga lola  ribet lupa pasword aja suruh paje effin sedangkan effin ngga di kirimkan di email ujung ujungnya suruh ke kpp sedangkan kpp terdekat berjarak  km jadi fungsinya online buat apa kalo ujung ujungnya suruh datang ke kpp sangat tidak efisien dan meribetkan masyarakat,"['sangat', 'jeleklola', 'pakai', 'data', 'seluler', 'lola', 'pakai', 'wifi', 'lola', 'beda', 'hp', 'juga', 'lola', 'ribet', 'lupa', 'pasword', 'saja', 'suruh', 'paje', 'effin', 'sedangkan', 'effin', 'tidak', 'di', 'kirimkan', 'di', 'email', 'ujung', 'ujungnya', 'suruh', 'ke', 'kpp', 'sedangkan', 'kpp', 'terdekat', 'berjarak', '40', 'kamu', 'jadi', 'fungsinya', 'online', 'buat', 'apa', 'kalau', 'ujung', 'ujungnya', 'suruh', 'datang', 'ke', 'kpp', 'sangat', 'tidak', 'efisien', 'dan', 'meribetkan', 'masyarakat']",-74,negative,"['jeleklola', 'pake', 'data', 'seluler', 'lola', 'pake', 'wifi', 'lola', 'beda', 'lola', 'ribet', 'lupa', 'pasword', 'aja', 'suruh', 'paje', 'effin', 'effin', 'ngga', 'kirimkan', 'email', 'ujung', 'ujungnya', 'suruh', 'kpp', 'kpp', 'terdekat', 'berjarak', 'fungsinya', 'online', 'kalo', 'ujung', 'ujungnya', 'suruh', 'kpp', 'efisien', 'meribetkan', 'masyarakat']",jeleklola pake data seluler lola pake wifi lola beda lola ribet lupa pasword aja suruh paje effin effin ngga kirimkan email ujung ujungnya suruh kpp kpp terdekat berjarak fungsinya online kalo ujung ujungnya suruh kpp efisien meribetkan masyarakat,Topik 4 - OTP/Verifikasi Email
"Lupa Kata Sandi, Email Aja Gak dikirim.. parah.. ahahahah... Gaji Gede.. buat APK Gak Becuss",playstore,lupa kata sandi email aja gak dikirim parah ahahahah gaji gede buat apk gak becuss,"['lupa', 'kata', 'sandi', 'email', 'saja', 'tidak', 'dikirim', 'parah', 'ahahahah', 'gaji', 'gede', 'buat', 'apk', 'tidak', 'becuss']",-35,negative,"['lupa', 'sandi', 'email', 'aja', 'gak', 'dikirim', 'parah', 'ahahahah', 'gaji', 'gede', 'apk', 'gak', 'becuss']",lupa sandi email aja gak dikirim parah ahahahah gaji gede apk gak becuss,Topik 4 - OTP/Verifikasi Email
"Kode aktivasi dikirim ke email, pas minimize HP liat kode aktivasi terus balik lagi ke apps DJP ngulang dari halaman awal Kan gobs.....",playstore,kode aktivasi dikirim ke email pas minimize hp liat kode aktivasi terus balik lagi ke apps djp ngulang dari halaman awal kan gobs,"['kode', 'aktivasi', 'dikirim', 'ke', 'email', 'pas', 'minimize', 'hp', 'lihat', 'kode', 'aktivasi', 'terus', 'balik', 'lagi', 'ke', 'apps', 'djp', 'ngulang', 'dari', 'halaman', 'awal', 'kan', 'gobs']",-23,negative,"['kode', 'aktivasi', 'dikirim', 'email', 'pas', 'minimize', 'liat', 'kode', 'aktivasi', 'apps', 'djp', 'ngulang', 'halaman', 'gobs']",kode aktivasi dikirim email pas minimize liat kode aktivasi apps djp ngulang halaman gobs,Topik 4 - OTP/Verifikasi Email
"Tombol pilihan jenis pajak dan jenis storan gak bisa di klik ketika mau buat kode biling,.. mohon diperbaiki kakak. Untuk tampilan sudah cukup bagus dan simple.",playstore,tombol pilihan jenis pajak dan jenis storan gak bisa di klik ketika mau buat kode biling mohon diperbaiki kakak untuk tampilan sudah cukup bagus dan simple,"['tombol', 'pilihan', 'jenis', 'pajak', 'dan', 'jenis', 'storan', 'tidak', 'bisa', 'di', 'klik', 'ketika', 'mau', 'buat', 'kode', 'biling', 'mohon', 'diperbaiki', 'kakak', 'untuk', 'tampilan', 'sudah', 'cukup', 'bagus', 'dan', 'simple']",-41,negative,"['tombol', 'pilihan', 'jenis', 'pajak', 'jenis', 'storan', 'gak', 'klik', 'kode', 'biling', 'mohon', 'diperbaiki', 'kakak', 'tampilan', 'bagus', 'simple']",tombol pilihan jenis pajak jenis storan gak klik kode biling mohon diperbaiki kakak tampilan bagus simple,Topik 4 - OTP/Verifikasi Email
Buat kode billing g bisa kenapa dg aplikasi ini,playstore,buat kode billing g bisa kenapa dg aplikasi ini,"['buat', 'kode', 'billing', 'tidak', 'bisa', 'kenapa', 'dengan', 'aplikasi', 'ini']",-56,negative,"['kode', 'billing', 'aplikasi']",kode billing aplikasi,Topik 4 - OTP/Verifikasi Email
Udah pakek 4 email ga ada yang berhasil sama sekali. Masa tiap nunggu validasi data doang sejam yang bener dong. Iya kalo jadi ini kagak,playstore,udah pakek  email ga ada yang berhasil sama sekali masa tiap nunggu validasi data doang sejam yang bener dong iya kalo jadi ini kagak,"['sudah', 'pakai', '4', 'email', 'tidak', 'ada', 'yang', 'berhasil', 'sama', 'sekali', 'masa', 'tiap', 'menunggu', 'validasi', 'data', 'doang', 'sejam', 'yang', 'benar', 'dong', 'iya', 'kalau', 'jadi', 'ini', 'kagak']",-60,negative,"['udah', 'pakek', 'email', 'berhasil', 'nunggu', 'validasi', 'data', 'doang', 'sejam', 'bener', 'iya', 'kalo', 'kagak']",udah pakek email berhasil nunggu validasi data doang sejam bener iya kalo kagak,Topik 4 - OTP/Verifikasi Email
Email akvifasi saya kenapa belum dikirim,playstore,email akvifasi saya kenapa belum dikirim,"['email', 'akvifasi', 'saya', 'kenapa', 'belum', 'dikirim']",-10,negative,"['email', 'akvifasi', 'dikirim']",email akvifasi dikirim,Topik 4 - OTP/Verifikasi Email
Kenapa saya tidak dapat membuat kode billing ? Pada menu Jenis pajak dan Jenis Setoran tidak dapat di tekan.,playstore,kenapa saya tidak dapat membuat kode billing  pada menu jenis pajak dan jenis setoran tidak dapat di tekan,"['kenapa', 'saya', 'tidak', 'dapat', 'membuat', 'kode', 'billing', 'pada', 'menu', 'jenis', 'pajak', 'dan', 'jenis', 'setoran', 'tidak', 'dapat', 'di', 'tekan']",-60,negative,"['kode', 'billing', 'menu', 'jenis', 'pajak', 'jenis', 'setoran', 'tekan']",kode billing menu jenis pajak jenis setoran tekan,Topik 4 - OTP/Verifikasi Email
"Saya sdh buat e billing melalui aplikasi ini, setelah klik kode billing kenapa tdk muncul download ringkasannya, kenap?",playstore,saya sdh buat e billing melalui aplikasi ini setelah klik kode billing kenapa tdk muncul download ringkasannya kenap,"['saya', 'sudah', 'buat', 'e', 'billing', 'melalui', 'aplikasi', 'ini', 'setelah', 'klik', 'kode', 'billing', 'kenapa', 'tidak', 'muncul', 'download', 'ringkasannya', 'kenap']",-50,negative,"['sdh', 'billing', 'aplikasi', 'klik', 'kode', 'billing', 'tdk', 'muncul', 'download', 'ringkasannya', 'kenap']",sdh billing aplikasi klik kode billing tdk muncul download ringkasannya kenap,Topik 4 - OTP/Verifikasi Email
"Bagus banget. sudah lama saya memimpikan aplikasi android dr pajak. buat billingnya pun cuma sekali tekan, tdk perlu capca jg. Saran : 1. Kode billing bs didownload dalam bentuk pdf atau gambar. 2. Ada menu transaksi favorit. Agar tdk bingung pembayaran yg sama tiap bulannya(umkm) 3. Ada semacam virtual asistent kayak samsung. Wah pasti banyak yg bakal download. Mungkin si Viska dr e-learning bs tuh. 4. Kode billing yg sdh dibuat bisa dilihat kembali, jd tdk perlu bikin lagi. Tetap semangat....",playstore,bagus banget sudah lama saya memimpikan aplikasi android dr pajak buat billingnya pun cuma sekali tekan tdk perlu capca jg saran   kode billing bs didownload dalam bentuk pdf atau gambar  ada menu transaksi favorit agar tdk bingung pembayaran yg sama tiap bulannyaumkm  ada semacam virtual asistent kayak samsung wah pasti banyak yg bakal download mungkin si viska dr elearning bs tuh  kode billing yg sdh dibuat bisa dilihat kembali jd tdk perlu bikin lagi tetap semangat,"['bagus', 'banget', 'sudah', 'lama', 'saya', 'memimpikan', 'aplikasi', 'android', 'dari', 'pajak', 'buat', 'billingnya', 'pun', 'cuma', 'sekali', 'tekan', 'tidak', 'perlu', 'capca', 'juga', 'saran', '1', 'kode', 'billing', 'bisa', 'didownload', 'dalam', 'bentuk', 'pdf', 'atau', 'gambar', '2', 'ada', 'menu', 'transaksi', 'favorit', 'agar', 'tidak', 'bingung', 'pembayaran', 'yang', 'sama', 'tiap', 'bulannyaumkm', '3', 'ada', 'semacam', 'virtual', 'asistent', 'kayak', 'samsung', 'wah', 'pasti', 'banyak', 'yang', 'bakal', 'download', 'mungkin', 'sih', 'viska', 'dari', 'elearning', 'bisa', 'tuh', '4', 'kode', 'billing', 'yang', 'sudah', 'dibuat', 'bisa', 'dilihat', 'kembali', 'jadi', 'tidak', 'perlu', 'bikin', 'lagi', 'tetap', 'semangat']",-180,negative,"['bagus', 'banget', 'memimpikan', 'aplikasi', 'android', 'pajak', 'billingnya', 'tekan', 'tdk', 'capca', 'saran', 'kode', 'billing', 'didownload', 'bentuk', 'pdf', 'gambar', 'menu', 'transaksi', 'favorit', 'tdk', 'bingung', 'pembayaran', 'bulannyaumkm', 'virtual', 'asistent', 'kayak', 'samsung', 'download', 'viska', 'elearning', 'tuh', 'kode', 'billing', 'sdh', 'tdk', 'bikin', 'semangat']",bagus banget memimpikan aplikasi android pajak billingnya tekan tdk capca saran kode billing didownload bentuk pdf gambar menu transaksi favorit tdk bingung pembayaran bulannyaumkm virtual asistent kayak samsung download viska elearning tuh kode billing sdh tdk bikin semangat,Topik 4 - OTP/Verifikasi Email
"Gak tau malu yah udah mah di gaji
dari hasil rakyat ditelpon gk bisa, di
dm gk bisa, di email gk di jawab,
dikomen gk di jawab, tapi bisa bikin
postingan baru. Mantap",instagram,"gak tau malu yah udah mah di gaji
dari hasil rakyat ditelpon gk bisa di
dm gk bisa di email gk di jawab
dikomen gk di jawab tapi bisa bikin
postingan baru mantap","['tidak', 'tau', 'malu', 'ya', 'sudah', 'mah', 'di', 'gaji', 'dari', 'hasil', 'rakyat', 'ditelpon', 'tidak', 'bisa', 'di', 'dm', 'tidak', 'bisa', 'di', 'email', 'tidak', 'di', 'jawab', 'dikomen', 'tidak', 'di', 'jawab', 'tapi', 'bisa', 'bikin', 'postingan', 'baru', 'mantap']",-157,negative,"['gak', 'tau', 'malu', 'yah', 'udah', 'mah', 'gaji', 'hasil', 'rakyat', 'ditelpon', 'email', 'dikomen', 'bikin', 'postingan', 'mantap']",gak tau malu yah udah mah gaji hasil rakyat ditelpon email dikomen bikin postingan mantap,Topik 4 - OTP/Verifikasi Email
"min mau tanya, website non aktifin pajak kita di djp-indomhdotcc ya? ada org pajak tlp katanya lewat situ namanya felicia, krn td lg keluar pas tlp balik yg angkat laki2 suaranya yg kyk tlp penipuan, klo bkn parah data ai bocor min nik, no kartu pajak alamat bener semua, kec email yg salah. pas cek lg websitenya lgsg d apus, pas d ai blg kok .cc belakangnya, dan blg mua cek dl d website pajak",instagram,min mau tanya website non aktifin pajak kita di djpindomhdotcc ya ada org pajak tlp katanya lewat situ namanya felicia krn td lg keluar pas tlp balik yg angkat laki suaranya yg kyk tlp penipuan klo bkn parah data ai bocor min nik no kartu pajak alamat bener semua kec email yg salah pas cek lg websitenya lgsg d apus pas d ai blg kok cc belakangnya dan blg mua cek dl d website pajak,"['min', 'mau', 'tanya', 'website', 'non', 'aktifin', 'pajak', 'kita', 'di', 'djpindomhdotcc', 'ya', 'ada', 'orang', 'pajak', 'telepon', 'katanya', 'lewat', 'situ', 'namanya', 'felicia', 'karena', 'tadi', 'lagi', 'keluar', 'pas', 'telepon', 'balik', 'yang', 'angkat', 'laki-laki', 'suaranya', 'yang', 'kayak', 'telepon', 'penipuan', 'kalau', 'bukan', 'parah', 'data', 'ai', 'bocor', 'min', 'nik', 'no', 'kartu', 'pajak', 'alamat', 'benar', 'semua', 'kec', 'email', 'yang', 'salah', 'pas', 'cek', 'lagi', 'websitenya', 'langsung', 'di', 'hapus', 'pas', 'di', 'ai', 'bilang', 'kok', 'cc', 'belakangnya', 'dan', 'bilang', 'mua', 'cek', 'dulu', 'di', 'website', 'pajak']",-181,negative,"['min', 'website', 'non', 'aktifin', 'pajak', 'djpindomhdotcc', 'org', 'pajak', 'tlp', 'situ', 'namanya', 'felicia', 'krn', 'pas', 'tlp', 'angkat', 'laki', 'suaranya', 'kyk', 'tlp', 'penipuan', 'klo', 'bkn', 'parah', 'data', 'bocor', 'min', 'nik', 'kartu', 'pajak', 'alamat', 'bener', 'kec', 'email', 'salah', 'pas', 'cek', 'websitenya', 'lgsg', 'apus', 'pas', 'blg', 'belakangnya', 'blg', 'mua', 'cek', 'website', 'pajak']",min website non aktifin pajak djpindomhdotcc org pajak tlp situ namanya felicia krn pas tlp angkat laki suaranya kyk tlp penipuan klo bkn parah data bocor min nik kartu pajak alamat bener kec email salah pas cek websitenya lgsg apus pas blg belakangnya blg mua cek website pajak,Topik 4 - OTP/Verifikasi Email
Ada yang sama nggak? Lupa password dan email saat mau aktivasi akun tidak ada..,instagram,ada yang sama nggak lupa password dan email saat mau aktivasi akun tidak ada,"['ada', 'yang', 'sama', 'tidak', 'lupa', 'password', 'dan', 'email', 'saat', 'mau', 'aktivasi', 'akun', 'tidak', 'ada']",-37,negative,"['nggak', 'lupa', 'password', 'email', 'aktivasi', 'akun']",nggak lupa password email aktivasi akun,Topik 4 - OTP/Verifikasi Email
Aktifkan fitur Lupa email dan Nomor HP admin,instagram,aktifkan fitur lupa email dan nomor hp admin,"['aktifkan', 'fitur', 'lupa', 'email', 'dan', 'nomor', 'hp', 'admin']",-9,negative,"['aktifkan', 'fitur', 'lupa', 'email', 'nomor', 'admin']",aktifkan fitur lupa email nomor admin,Topik 4 - OTP/Verifikasi Email
"Mhon di balas@admin,sya kirim email tdk direspon,dan saya coba telpon jga tdk bisa.. tlong di balas admin @ditjenpajakri",instagram,mhon di balasadminsya kirim email tdk direspondan saya coba telpon jga tdk bisa tlong di balas admin ditjenpajakri,"['mhon', 'di', 'balasadminsya', 'kirim', 'email', 'tidak', 'direspondan', 'saya', 'coba', 'telpon', 'juga', 'tidak', 'bisa', 'tlong', 'di', 'balas', 'admin', 'ditjenpajakri']",-32,negative,"['mhon', 'balasadminsya', 'kirim', 'email', 'tdk', 'direspondan', 'coba', 'telpon', 'jga', 'tdk', 'tlong', 'balas', 'admin', 'ditjenpajakri']",mhon balasadminsya kirim email tdk direspondan coba telpon jga tdk tlong balas admin ditjenpajakri,Topik 4 - OTP/Verifikasi Email
"Permisi min, sampai kapan sistem validasi OTPnya bisa kembali baik? Soalnya sudah benar kodenya tapi gagal validasi terus, mana jadi syarat buat dokumen administrasi kerja lagi.",instagram,permisi min sampai kapan sistem validasi otpnya bisa kembali baik soalnya sudah benar kodenya tapi gagal validasi terus mana jadi syarat buat dokumen administrasi kerja lagi,"['permisi', 'min', 'sampai', 'kapan', 'sistem', 'validasi', 'otpnya', 'bisa', 'kembali', 'baik', 'soalnya', 'sudah', 'benar', 'kodenya', 'tapi', 'gagal', 'validasi', 'terus', 'mana', 'jadi', 'syarat', 'buat', 'dokumen', 'administrasi', 'kerja', 'lagi']",-66,negative,"['permisi', 'min', 'sistem', 'validasi', 'otpnya', 'kodenya', 'gagal', 'validasi', 'syarat', 'dokumen', 'administrasi', 'kerja']",permisi min sistem validasi otpnya kodenya gagal validasi syarat dokumen administrasi kerja,Topik 4 - OTP/Verifikasi Email
"Berarti kalau dari <p3.447@pajak@.go.id> itu original ya? Saya pic dari salah satu CV, dikirimkan Surat Tagihan Pajak setelah saya ikuti metode diatas, emailnya bukan acak

Bagaimana pak bu @ditjenpajakri ?",instagram,"berarti kalau dari ppajakgoid itu original ya saya pic dari salah satu cv dikirimkan surat tagihan pajak setelah saya ikuti metode diatas emailnya bukan acak

bagaimana pak bu ditjenpajakri","['berarti', 'kalau', 'dari', 'p3447pajakgoid', 'itu', 'original', 'ya', 'saya', 'pic', 'dari', 'salah', 'satu', 'cv', 'dikirimkan', 'surat', 'tagihan', 'pajak', 'setelah', 'saya', 'ikuti', 'metode', 'diatas', 'emailnya', 'bukan', 'acak', 'bagaimana', 'pak', 'bu', 'ditjenpajakri']",-50,negative,"['ppajakgoid', 'original', 'pic', 'salah', 'dikirimkan', 'surat', 'tagihan', 'pajak', 'ikuti', 'metode', 'diatas', 'emailnya', 'acak', 'ditjenpajakri']",ppajakgoid original pic salah dikirimkan surat tagihan pajak ikuti metode diatas emailnya acak ditjenpajakri,Topik 4 - OTP/Verifikasi Email
Tombol/opsi lupa email & nomor hp knp hilang min?,instagram,tombolopsi lupa email  nomor hp knp hilang min,"['tombolopsi', 'lupa', 'email', 'nomor', 'hp', 'kenapa', 'hilang', 'min']",-13,negative,"['tombolopsi', 'lupa', 'email', 'nomor', 'knp', 'hilang', 'min']",tombolopsi lupa email nomor knp hilang min,Topik 4 - OTP/Verifikasi Email
tombol lupa email dan no hp kok ilangggg?????,instagram,tombol lupa email dan no hp kok ilangggg,"['tombol', 'lupa', 'email', 'dan', 'no', 'hp', 'kok', 'ilangggg']",-9,negative,"['tombol', 'lupa', 'email', 'ilangggg']",tombol lupa email ilangggg,Topik 4 - OTP/Verifikasi Email
Tombol Lupa Email dan No HP tolong diperbaharui min,instagram,tombol lupa email dan no hp tolong diperbaharui min,"['tombol', 'lupa', 'email', 'dan', 'no', 'hp', 'tolong', 'diperbaharui', 'min']",-2,negative,"['tombol', 'lupa', 'email', 'tolong', 'diperbaharui', 'min']",tombol lupa email tolong diperbaharui min,Topik 4 - OTP/Verifikasi Email
"Saya ada baru2 yg hubungi mengirim link untk perbaharui alamat email, apa itu dr pajak atau penipuan ?",instagram,saya ada baru yg hubungi mengirim link untk perbaharui alamat email apa itu dr pajak atau penipuan,"['saya', 'ada', 'baru-baru', 'yang', 'hubungi', 'mengirim', 'link', 'untuk', 'perbaharui', 'alamat', 'email', 'apa', 'itu', 'dari', 'pajak', 'atau', 'penipuan']",-28,negative,"['hubungi', 'mengirim', 'link', 'untk', 'perbaharui', 'alamat', 'email', 'pajak', 'penipuan']",hubungi mengirim link untk perbaharui alamat email pajak penipuan,Topik 4 - OTP/Verifikasi Email
"admin, udah minta OTP sampe beberapa kali ngga dikirimÂ²??!!!",instagram,admin udah minta otp sampe beberapa kali ngga dikirim,"['admin', 'sudah', 'meminta', 'otp', 'sampai', 'beberapa', 'kali', 'tidak', 'dikirim']",-19,negative,"['admin', 'udah', 'otp', 'sampe', 'kali', 'ngga', 'dikirim']",admin udah otp sampe kali ngga dikirim,Topik 4 - OTP/Verifikasi Email
@ditjenpajakri minta tolong penjelasan untuk kode 020 gimana vara buat pajak keluaran nya?@ditjenpajakri,instagram,ditjenpajakri minta tolong penjelasan untuk kode  gimana vara buat pajak keluaran nyaditjenpajakri,"['ditjenpajakri', 'meminta', 'tolong', 'penjelasan', 'untuk', 'kode', '020', 'bagaimana', 'vara', 'buat', 'pajak', 'keluaran', 'nyaditjenpajakri']",-6,negative,"['ditjenpajakri', 'tolong', 'penjelasan', 'kode', 'gimana', 'vara', 'pajak', 'keluaran', 'nyaditjenpajakri']",ditjenpajakri tolong penjelasan kode gimana vara pajak keluaran nyaditjenpajakri,Topik 4 - OTP/Verifikasi Email
BENERIN DONG VALIDASI OTP DOANG!!!,instagram,benerin dong validasi otp doang,"['benerin', 'dong', 'validasi', 'otp', 'doang']",-1,negative,"['benerin', 'validasi', 'otp', 'doang']",benerin validasi otp doang,Topik 4 - OTP/Verifikasi Email
Kring pajak 1500200 tgl 26 maret gk bisa nyambung. Mau nunggu kode verikasi lama nya ber jam jam. Pusing pantengin ginian,instagram,kring pajak  tgl  maret gk bisa nyambung mau nunggu kode verikasi lama nya ber jam jam pusing pantengin ginian,"['kring', 'pajak', '1500200', 'tanggal', '26', 'maret', 'tidak', 'bisa', 'menyambung', 'mau', 'menunggu', 'kode', 'verikasi', 'lama', 'ya', 'ber', 'jam', 'jam', 'pusing', 'pantengin', 'beginian']",-58,negative,"['kring', 'pajak', 'tgl', 'maret', 'nyambung', 'nunggu', 'kode', 'verikasi', 'nya', 'ber', 'jam', 'jam', 'pusing', 'pantengin', 'ginian']",kring pajak tgl maret nyambung nunggu kode verikasi nya ber jam jam pusing pantengin ginian,Topik 4 - OTP/Verifikasi Email
Tmn2 mau tny utk masa April penginputan FP keluaran ttep menggunakan kode 04 kan? Dan msih menggunakan 11/12 utk DPP nilai lain?,instagram,tmn mau tny utk masa april penginputan fp keluaran ttep menggunakan kode  kan dan msih menggunakan  utk dpp nilai lain,"['teman-teman', 'mau', 'tny', 'untuk', 'masa', 'april', 'penginputan', 'fp', 'keluaran', 'tetap', 'menggunakan', 'kode', '04', 'kan', 'dan', 'masih', 'menggunakan', '1112', 'untuk', 'dpp', 'nilai', 'lain']",-15,negative,"['tmn', 'tny', 'utk', 'april', 'penginputan', 'keluaran', 'ttep', 'kode', 'msih', 'utk', 'dpp', 'nilai']",tmn tny utk april penginputan keluaran ttep kode msih utk dpp nilai,Topik 4 - OTP/Verifikasi Email
OTP OTP OTP. Udah itu aja benerin dulu,instagram,otp otp otp udah itu aja benerin dulu,"['otp', 'otp', 'otp', 'sudah', 'itu', 'saja', 'benerin', 'dulu']",-14,negative,"['otp', 'otp', 'otp', 'udah', 'aja', 'benerin']",otp otp otp udah aja benerin,Topik 4 - OTP/Verifikasi Email
"Masa pajak Januari, pakai kode 040 atau 010 jadi? Perlu dipertegas dan diperjelas",instagram,masa pajak januari pakai kode  atau  jadi perlu dipertegas dan diperjelas,"['masa', 'pajak', 'januari', 'pakai', 'kode', '040', 'atau', '010', 'jadi', 'perlu', 'dipertegas', 'dan', 'diperjelas']",-12,negative,"['pajak', 'januari', 'pakai', 'kode', 'dipertegas', 'diperjelas']",pajak januari pakai kode dipertegas diperjelas,Topik 4 - OTP/Verifikasi Email
Apakah berlaku utk pembelian rumah second? Cara dpt Kode Indentitas Rumah? Tlg dijawab,instagram,apakah berlaku utk pembelian rumah second cara dpt kode indentitas rumah tlg dijawab,"['apakah', 'berlaku', 'untuk', 'pembelian', 'rumah', 'second', 'cara', 'dapat', 'kode', 'indentitas', 'rumah', 'tolong', 'dijawab']",-1,negative,"['berlaku', 'utk', 'pembelian', 'rumah', 'second', 'dpt', 'kode', 'indentitas', 'rumah', 'tlg']",berlaku utk pembelian rumah second dpt kode indentitas rumah tlg,Topik 4 - OTP/Verifikasi Email
adakah yg sampe skrg blm dapet email buat aktivasi?,instagram,adakah yg sampe skrg blm dapet email buat aktivasi,"['adakah', 'yang', 'sampai', 'sekarang', 'belum', 'dapat', 'email', 'buat', 'aktivasi']",-8,negative,"['adakah', 'sampe', 'skrg', 'blm', 'dapet', 'email', 'aktivasi']",adakah sampe skrg blm dapet email aktivasi,Topik 4 - OTP/Verifikasi Email
"Knp tidak menerima otp padahal pulsa ada, haduh pusing",instagram,knp tidak menerima otp padahal pulsa ada haduh pusing,"['kenapa', 'tidak', 'menerima', 'otp', 'padahal', 'pulsa', 'ada', 'aduh', 'pusing']",-28,negative,"['knp', 'menerima', 'otp', 'pulsa', 'haduh', 'pusing']",knp menerima otp pulsa haduh pusing,Topik 4 - OTP/Verifikasi Email
"Min, kalau posisi sbg Notaris/PPAT bisa buat kode billing mandiri untuk pihak lain sbg wajib pajak jual beli tanah dan bangunan melalui coretax? Sebelumnya kan di fasilitasi layanan ephtb notaris",instagram,min kalau posisi sbg notarisppat bisa buat kode billing mandiri untuk pihak lain sbg wajib pajak jual beli tanah dan bangunan melalui coretax sebelumnya kan di fasilitasi layanan ephtb notaris,"['min', 'kalau', 'posisi', 'sebagai', 'notarisppat', 'bisa', 'buat', 'kode', 'billing', 'mandiri', 'untuk', 'pihak', 'lain', 'sebagai', 'wajib', 'pajak', 'jual', 'beli', 'tanah', 'dan', 'bangunan', 'melalui', 'coretax', 'sebelumnya', 'kan', 'di', 'fasilitasi', 'layanan', 'ephtb', 'notaris']",-53,negative,"['min', 'posisi', 'sbg', 'notarisppat', 'kode', 'billing', 'mandiri', 'sbg', 'wajib', 'pajak', 'jual', 'beli', 'tanah', 'bangunan', 'coretax', 'fasilitasi', 'layanan', 'ephtb', 'notaris']",min posisi sbg notarisppat kode billing mandiri sbg wajib pajak jual beli tanah bangunan coretax fasilitasi layanan ephtb notaris,Topik 4 - OTP/Verifikasi Email
"OTP terus , giliran tahap akhir gagal , mau pakai pulsa berapa lagi ?
Mau berapa banyak pulsa lg ?",instagram,"otp terus  giliran tahap akhir gagal  mau pakai pulsa berapa lagi 
mau berapa banyak pulsa lg","['otp', 'terus', 'giliran', 'tahap', 'akhir', 'gagal', 'mau', 'pakai', 'pulsa', 'berapa', 'lagi', 'mau', 'berapa', 'banyak', 'pulsa', 'lagi']",-38,negative,"['otp', 'giliran', 'tahap', 'gagal', 'pakai', 'pulsa', 'pulsa']",otp giliran tahap gagal pakai pulsa pulsa,Topik 4 - OTP/Verifikasi Email
"DM gak bisa, email gak dibales, kring pajak gak nyambung. Ini gimana sih? Susyah benerrrr yalorddddd",instagram,dm gak bisa email gak dibales kring pajak gak nyambung ini gimana sih susyah benerrrr yalorddddd,"['dm', 'tidak', 'bisa', 'email', 'tidak', 'dibales', 'kring', 'pajak', 'tidak', 'menyambung', 'ini', 'bagaimana', 'sih', 'susyah', 'benerrrr', 'yalorddddd']",-48,negative,"['gak', 'email', 'gak', 'dibales', 'kring', 'pajak', 'gak', 'nyambung', 'gimana', 'sih', 'susyah', 'benerrrr', 'yalorddddd']",gak email gak dibales kring pajak gak nyambung gimana sih susyah benerrrr yalorddddd,Topik 4 - OTP/Verifikasi Email
MFA itu bukannya lebih rentan ya kode di retas.. pernah mikir gak HP hilang kemudian no hp/email pribadi diretas? trus mau ganti profil nya djpnya bgmna kalo misal WP gak bisa akses tiba2.. captcha sm pin udah cukup terproteksi gak sih? serius saya nanya.. kalian apa gak riset sampe kesana ya?,instagram,mfa itu bukannya lebih rentan ya kode di retas pernah mikir gak hp hilang kemudian no hpemail pribadi diretas trus mau ganti profil nya djpnya bgmna kalo misal wp gak bisa akses tiba captcha sm pin udah cukup terproteksi gak sih serius saya nanya kalian apa gak riset sampe kesana ya,"['mfa', 'itu', 'bukannya', 'lebih', 'rentan', 'ya', 'kode', 'di', 'retas', 'pernah', 'mikir', 'tidak', 'hp', 'hilang', 'kemudian', 'no', 'hpemail', 'pribadi', 'diretas', 'terus', 'mau', 'ganti', 'profil', 'ya', 'djpnya', 'bagaimana', 'kalau', 'misal', 'wp', 'tidak', 'bisa', 'akses', 'tiba-tiba', 'captcha', 'sama', 'pin', 'sudah', 'cukup', 'terproteksi', 'tidak', 'sih', 'serius', 'saya', 'bertanya', 'kalian', 'apa', 'tidak', 'riset', 'sampai', 'kesana', 'ya']",-159,negative,"['mfa', 'rentan', 'kode', 'retas', 'mikir', 'gak', 'hilang', 'hpemail', 'pribadi', 'diretas', 'trus', 'ganti', 'profil', 'nya', 'djpnya', 'bgmna', 'kalo', 'gak', 'akses', 'captcha', 'pin', 'udah', 'terproteksi', 'gak', 'sih', 'serius', 'nanya', 'gak', 'riset', 'sampe', 'kesana']",mfa rentan kode retas mikir gak hilang hpemail pribadi diretas trus ganti profil nya djpnya bgmna kalo gak akses captcha pin udah terproteksi gak sih serius nanya gak riset sampe kesana,Topik 4 - OTP/Verifikasi Email
Balikin tombol lupa email sama nomor hp woy,instagram,balikin tombol lupa email sama nomor hp woy,"['balikin', 'tombol', 'lupa', 'email', 'sama', 'nomor', 'hp', 'woy']",-9,negative,"['balikin', 'tombol', 'lupa', 'email', 'nomor', 'woy']",balikin tombol lupa email nomor woy,Topik 4 - OTP/Verifikasi Email
OTP tolong mau log in ke DJP aja susah banget giliran dikirim udh gak bisa dipake udh lebih dr 2 jam gak nyusahin gak bisa ya??,instagram,otp tolong mau log in ke djp aja susah banget giliran dikirim udh gak bisa dipake udh lebih dr  jam gak nyusahin gak bisa ya,"['otp', 'tolong', 'mau', 'log', 'ini', 'ke', 'djp', 'saja', 'susah', 'banget', 'giliran', 'dikirim', 'sudah', 'tidak', 'bisa', 'dipakai', 'sudah', 'lebih', 'dari', '2', 'jam', 'tidak', 'menyusahkan', 'tidak', 'bisa', 'ya']",-111,negative,"['otp', 'tolong', 'log', 'djp', 'aja', 'susah', 'banget', 'giliran', 'dikirim', 'udh', 'gak', 'dipake', 'udh', 'jam', 'gak', 'nyusahin', 'gak']",otp tolong log djp aja susah banget giliran dikirim udh gak dipake udh jam gak nyusahin gak,Topik 4 - OTP/Verifikasi Email
"Min, kok otp email lama bener dikirim, mau buat akun gak bisa klien udah marah-marah loh",instagram,min kok otp email lama bener dikirim mau buat akun gak bisa klien udah marahmarah loh,"['min', 'kok', 'otp', 'email', 'lama', 'benar', 'dikirim', 'mau', 'buat', 'akun', 'tidak', 'bisa', 'klien', 'sudah', 'marahmarah', 'loh']",-34,negative,"['min', 'otp', 'email', 'bener', 'dikirim', 'akun', 'gak', 'klien', 'udah', 'marahmarah', 'loh']",min otp email bener dikirim akun gak klien udah marahmarah loh,Topik 4 - OTP/Verifikasi Email
Kenapa sie harus pake otp kalau otp nya lama di kirim?.tolong jangan di persulit,instagram,kenapa sie harus pake otp kalau otp nya lama di kirimtolong jangan di persulit,"['kenapa', 'sih', 'harus', 'pakai', 'otp', 'kalau', 'otp', 'ya', 'lama', 'di', 'kirimtolong', 'jangan', 'di', 'persulit']",-58,negative,"['sie', 'pake', 'otp', 'otp', 'nya', 'kirimtolong', 'persulit']",sie pake otp otp nya kirimtolong persulit,Topik 4 - OTP/Verifikasi Email
"kesannya ini terlalu annoying sekali ke atasan, harus minta bolak balik kode verif ke atasan.. Sistem keamanannya terlalu berlebihan menurut saya",instagram,kesannya ini terlalu annoying sekali ke atasan harus minta bolak balik kode verif ke atasan sistem keamanannya terlalu berlebihan menurut saya,"['kesannya', 'ini', 'terlalu', 'annoying', 'sekali', 'ke', 'atasan', 'harus', 'meminta', 'bolak', 'balik', 'kode', 'verif', 'ke', 'atasan', 'sistem', 'keamanannya', 'terlalu', 'berlebihan', 'menurut', 'saya']",-35,negative,"['kesannya', 'annoying', 'atasan', 'bolak', 'kode', 'verif', 'atasan', 'sistem', 'keamanannya']",kesannya annoying atasan bolak kode verif atasan sistem keamanannya,Topik 4 - OTP/Verifikasi Email
"Kok bisa skrg BPN gak ada kode jenis setoran, masa dan tahun pajak ? Tolong dong itu menyusahkan sekali untuk dipilah pilihnyaaa . GAK JELAS Menyusahkan",instagram,kok bisa skrg bpn gak ada kode jenis setoran masa dan tahun pajak  tolong dong itu menyusahkan sekali untuk dipilah pilihnyaaa  gak jelas menyusahkan,"['kok', 'bisa', 'sekarang', 'bpn', 'tidak', 'ada', 'kode', 'jenis', 'setoran', 'masa', 'dan', 'tahun', 'pajak', 'tolong', 'dong', 'itu', 'menyusahkan', 'sekali', 'untuk', 'dipilah', 'pilihnyaaa', 'tidak', 'jelas', 'menyusahkan']",-77,negative,"['skrg', 'bpn', 'gak', 'kode', 'jenis', 'setoran', 'pajak', 'tolong', 'menyusahkan', 'dipilah', 'pilihnyaaa', 'gak', 'menyusahkan']",skrg bpn gak kode jenis setoran pajak tolong menyusahkan dipilah pilihnyaaa gak menyusahkan,Topik 4 - OTP/Verifikasi Email
"Min kalo lupa pasword, lupa email pribadi yang terkait dan tercantum malah minta kode dan Gmail nya lups",instagram,min kalo lupa pasword lupa email pribadi yang terkait dan tercantum malah minta kode dan gmail nya lups,"['min', 'kalau', 'lupa', 'pasword', 'lupa', 'email', 'pribadi', 'yang', 'terkait', 'dan', 'tercantum', 'malah', 'meminta', 'kode', 'dan', 'gmail', 'ya', 'lups']",-38,negative,"['min', 'kalo', 'lupa', 'pasword', 'lupa', 'email', 'pribadi', 'terkait', 'tercantum', 'kode', 'gmail', 'nya', 'lups']",min kalo lupa pasword lupa email pribadi terkait tercantum kode gmail nya lups,Topik 4 - OTP/Verifikasi Email
Klu alamat email sdh tdk bisa buka. Bgmn y pak/bu,instagram,klu alamat email sdh tdk bisa buka bgmn y pakbu,"['kalau', 'alamat', 'email', 'sudah', 'tidak', 'bisa', 'buka', 'bagaimana', 'ya', 'pakbu']",-31,negative,"['klu', 'alamat', 'email', 'sdh', 'tdk', 'buka', 'bgmn', 'pakbu']",klu alamat email sdh tdk buka bgmn pakbu,Topik 4 - OTP/Verifikasi Email
Baru aja dapet WA dari +62 878-7528-4981 katanya dari DJP. Disuruh pembaruan data via email,instagram,baru aja dapet wa dari   katanya dari djp disuruh pembaruan data via email,"['baru', 'saja', 'dapat', 'wa', 'dari', '62', '87875284981', 'katanya', 'dari', 'djp', 'disuruh', 'pembaruan', 'data', 'via', 'email']",-4,negative,"['aja', 'dapet', 'djp', 'disuruh', 'pembaruan', 'data', 'via', 'email']",aja dapet djp disuruh pembaruan data via email,Topik 4 - OTP/Verifikasi Email
Barusan saya di telpon yang mengaku dari kantor pajak namun bukan dari nomor 1500200. Apakah benar min? Saya disuruh pembaruan data via email atau whatsapp.,instagram,barusan saya di telpon yang mengaku dari kantor pajak namun bukan dari nomor  apakah benar min saya disuruh pembaruan data via email atau whatsapp,"['barusan', 'saya', 'di', 'telpon', 'yang', 'mengaku', 'dari', 'kantor', 'pajak', 'namun', 'bukan', 'dari', 'nomor', '1500200', 'apakah', 'benar', 'min', 'saya', 'disuruh', 'pembaruan', 'data', 'via', 'email', 'atau', 'whatsapp']",-39,negative,"['barusan', 'telpon', 'mengaku', 'kantor', 'pajak', 'nomor', 'min', 'disuruh', 'pembaruan', 'data', 'via', 'email', 'whatsapp']",barusan telpon mengaku kantor pajak nomor min disuruh pembaruan data via email whatsapp,Topik 4 - OTP/Verifikasi Email
Kalau email dan nomor HP sudah tidak ada bagaimana?,instagram,kalau email dan nomor hp sudah tidak ada bagaimana,"['kalau', 'email', 'dan', 'nomor', 'hp', 'sudah', 'tidak', 'ada', 'bagaimana']",-13,negative,"['email', 'nomor']",email nomor,Topik 4 - OTP/Verifikasi Email
"semuanyaa pun ga bisa. ga diangkat, email ga dibalas, live terputus terusssssssssss!",instagram,semuanyaa pun ga bisa ga diangkat email ga dibalas live terputus terusssssssssss,"['semuanya', 'pun', 'tidak', 'bisa', 'tidak', 'diangkat', 'email', 'tidak', 'dibalas', 'live', 'terputus', 'terusssssssssss']",-28,negative,"['semuanyaa', 'diangkat', 'email', 'dibalas', 'live', 'terputus', 'terusssssssssss']",semuanyaa diangkat email dibalas live terputus terusssssssssss,Topik 4 - OTP/Verifikasi Email
Kalau email lama sdh tdk aktif gmn min? Masa saya urus di email katanya gbs,instagram,kalau email lama sdh tdk aktif gmn min masa saya urus di email katanya gbs,"['kalau', 'email', 'lama', 'sudah', 'tidak', 'aktif', 'bagaimana', 'min', 'masa', 'saya', 'urus', 'di', 'email', 'katanya', 'tidak bisa']",-30,negative,"['email', 'sdh', 'tdk', 'aktif', 'gmn', 'min', 'urus', 'email', 'gbs']",email sdh tdk aktif gmn min urus email gbs,Topik 4 - OTP/Verifikasi Email
"2 hari pada ngeluh soal otp gak bener2, kerja apa gak woi orang pajak!",instagram,hari pada ngeluh soal otp gak bener kerja apa gak woi orang pajak,"['2', 'hari', 'pada', 'ngeluh', 'soal', 'otp', 'tidak', 'benar-benar', 'kerja', 'apa', 'tidak', 'woi', 'orang', 'pajak']",-43,negative,"['ngeluh', 'otp', 'gak', 'bener', 'kerja', 'gak', 'woi', 'orang', 'pajak']",ngeluh otp gak bener kerja gak woi orang pajak,Topik 4 - OTP/Verifikasi Email
Otp dong cepat perbaiki,instagram,otp dong cepat perbaiki,"['otp', 'dong', 'cepat', 'perbaiki']",-12,negative,"['otp', 'cepat', 'perbaiki']",otp cepat perbaiki,Topik 4 - OTP/Verifikasi Email
Kriteria rumah umum no 1 memiliki kode identitas rumah yg disediakan oleh kementrian pupr itu yg seperti apa ?,instagram,kriteria rumah umum no  memiliki kode identitas rumah yg disediakan oleh kementrian pupr itu yg seperti apa,"['kriteria', 'rumah', 'umum', 'no', '1', 'memiliki', 'kode', 'identitas', 'rumah', 'yang', 'disediakan', 'oleh', 'kementrian', 'pupr', 'itu', 'yang', 'seperti', 'apa']",-12,negative,"['kriteria', 'rumah', 'memiliki', 'kode', 'identitas', 'rumah', 'disediakan', 'kementrian', 'pupr']",kriteria rumah memiliki kode identitas rumah disediakan kementrian pupr,Topik 4 - OTP/Verifikasi Email
Halo min. Tolong buka messages saya. Sya mau mengkonfirmasi terkait email yg saya terima,instagram,halo min tolong buka messages saya sya mau mengkonfirmasi terkait email yg saya terima,"['halo', 'min', 'tolong', 'buka', 'messages', 'saya', 'saya', 'mau', 'mengkonfirmasi', 'terkait', 'email', 'yang', 'saya', 'terima']",-11,negative,"['halo', 'min', 'tolong', 'buka', 'messages', 'sya', 'mengkonfirmasi', 'terkait', 'email', 'terima']",halo min tolong buka messages sya mengkonfirmasi terkait email terima,Topik 4 - OTP/Verifikasi Email
"DJP online, coretax, M-Pajak semuanya udah coba log in, tapi gak bisa. OTP lama. Coba itu yang kerjanya main capca susun ditegur dulu min.",instagram,djp online coretax mpajak semuanya udah coba log in tapi gak bisa otp lama coba itu yang kerjanya main capca susun ditegur dulu min,"['djp', 'online', 'coretax', 'mpajak', 'semuanya', 'sudah', 'coba', 'log', 'ini', 'tapi', 'tidak', 'bisa', 'otp', 'lama', 'coba', 'itu', 'yang', 'kerjanya', 'main', 'capca', 'susun', 'ditegur', 'dulu', 'min']",-63,negative,"['djp', 'online', 'coretax', 'mpajak', 'udah', 'coba', 'log', 'gak', 'otp', 'coba', 'kerjanya', 'main', 'capca', 'susun', 'ditegur', 'min']",djp online coretax mpajak udah coba log gak otp coba kerjanya main capca susun ditegur min,Topik 4 - OTP/Verifikasi Email
"Tolong dibenahin sistem pelayan online di @pajaktangtim di wa , email dan telepon sulit sekali di respon dan sudah dihubungi. @ditjenpajakri",instagram,tolong dibenahin sistem pelayan online di pajaktangtim di wa  email dan telepon sulit sekali di respon dan sudah dihubungi ditjenpajakri,"['tolong', 'dibenahin', 'sistem', 'pelayan', 'online', 'di', 'pajaktangtim', 'di', 'wa', 'email', 'dan', 'telepon', 'sulit', 'sekali', 'di', 'respon', 'dan', 'sudah', 'dihubungi', 'ditjenpajakri']",-43,negative,"['tolong', 'dibenahin', 'sistem', 'pelayan', 'online', 'pajaktangtim', 'email', 'telepon', 'sulit', 'respon', 'dihubungi', 'ditjenpajakri']",tolong dibenahin sistem pelayan online pajaktangtim email telepon sulit respon dihubungi ditjenpajakri,Topik 4 - OTP/Verifikasi Email
Ngadu ke kode etik. Eh nantinya WP jdi di Persulit,instagram,ngadu ke kode etik eh nantinya wp jdi di persulit,"['mengadu', 'ke', 'kode', 'etik', 'eh', 'nantinya', 'wp', 'jadi', 'di', 'persulit']",-23,negative,"['ngadu', 'kode', 'etik', 'jdi', 'persulit']",ngadu kode etik jdi persulit,Topik 4 - OTP/Verifikasi Email
Cape banget djp harus verif email,instagram,cape banget djp harus verif email,"['capek', 'banget', 'djp', 'harus', 'verif', 'email']",-9,negative,"['cape', 'banget', 'djp', 'verif', 'email']",cape banget djp verif email,Topik 4 - OTP/Verifikasi Email
"@ditjenpajakri BERAPA KODE SATUAN ""KARTON"" TOLONG DIJAWAB... DAN UPDATE DATABASE TEMPLATE KALIAN...",instagram,ditjenpajakri berapa kode satuan karton tolong dijawab dan update database template kalian,"['ditjenpajakri', 'berapa', 'kode', 'satuan', 'karton', 'tolong', 'dijawab', 'dan', 'update', 'database', 'template', 'kalian']",-14,negative,"['ditjenpajakri', 'kode', 'satuan', 'karton', 'tolong', 'update', 'database', 'template']",ditjenpajakri kode satuan karton tolong update database template,Topik 4 - OTP/Verifikasi Email
mau bikin kode billing woy bad request bad request!,instagram,mau bikin kode billing woy bad request bad request,"['mau', 'bikin', 'kode', 'billing', 'woy', 'bad', 'request', 'bad', 'request']",-21,negative,"['bikin', 'kode', 'billing', 'woy', 'bad', 'request', 'bad', 'request']",bikin kode billing woy bad request bad request,Topik 4 - OTP/Verifikasi Email
"Miin barusan ada telpon via WA resmi ngg sii, minta kirim duit juga buat kode ferivikasi, mohon penjepasan nya",instagram,miin barusan ada telpon via wa resmi ngg sii minta kirim duit juga buat kode ferivikasi mohon penjepasan nya,"['miin', 'barusan', 'ada', 'telpon', 'via', 'wa', 'resmi', 'tidak', 'sih', 'meminta', 'kirim', 'duit', 'juga', 'buat', 'kode', 'ferivikasi', 'mohon', 'penjepasan', 'ya']",-11,negative,"['miin', 'barusan', 'telpon', 'via', 'resmi', 'ngg', 'sii', 'kirim', 'duit', 'kode', 'ferivikasi', 'mohon', 'penjepasan', 'nya']",miin barusan telpon via resmi ngg sii kirim duit kode ferivikasi mohon penjepasan nya,Topik 4 - OTP/Verifikasi Email
"ampe kapan ni eror trus serfer, pulsa gua uda abis nunggu OTP SAMA VALIDASI doang jirrr",instagram,ampe kapan ni eror trus serfer pulsa gua uda abis nunggu otp sama validasi doang jirrr,"['sampai', 'kapan', 'nih', 'eror', 'terus', 'serfer', 'pulsa', 'gua', 'sudah', 'habis', 'menunggu', 'otp', 'sama', 'validasi', 'doang', 'jirrr']",-53,negative,"['ampe', 'eror', 'trus', 'serfer', 'pulsa', 'gua', 'uda', 'abis', 'nunggu', 'otp', 'validasi', 'doang', 'jirrr']",ampe eror trus serfer pulsa gua uda abis nunggu otp validasi doang jirrr,Topik 4 - OTP/Verifikasi Email
"Punya pengalaman alamat email salah ketik di coretax, hrs ngurus ke KPP..sama petugas tpt disalahin katanya Ibu salah input pas ngetik email di kpp...lhaaa ini kan salah sistem si coretax..kenapa WP yg disalahin..trus saya jawab, lha di djp online benar kok emailnya..kan migrasi ke coretax hrsnya benar dong..lgs diem petugasnya..udh mereka yg salah ketik, kita jg yg hrs ke kpp..",instagram,punya pengalaman alamat email salah ketik di coretax hrs ngurus ke kppsama petugas tpt disalahin katanya ibu salah input pas ngetik email di kpplhaaa ini kan salah sistem si coretaxkenapa wp yg disalahintrus saya jawab lha di djp online benar kok emailnyakan migrasi ke coretax hrsnya benar donglgs diem petugasnyaudh mereka yg salah ketik kita jg yg hrs ke kpp,"['punya', 'pengalaman', 'alamat', 'email', 'salah', 'ketik', 'di', 'coretax', 'harus', 'mengurus', 'ke', 'kppsama', 'petugas', 'tpt', 'disalahin', 'katanya', 'ibu', 'salah', 'input', 'pas', 'mengetik', 'email', 'di', 'kpplhaaa', 'ini', 'kan', 'salah', 'sistem', 'sih', 'coretaxkenapa', 'wp', 'yang', 'disalahintrus', 'saya', 'jawab', 'lah', 'di', 'djp', 'online', 'benar', 'kok', 'emailnyakan', 'migrasi', 'ke', 'coretax', 'harusnya', 'benar', 'donglgs', 'diam', 'petugasnyaudh', 'mereka', 'yang', 'salah', 'ketik', 'kita', 'juga', 'yang', 'harus', 'ke', 'kpp']",-91,negative,"['pengalaman', 'alamat', 'email', 'salah', 'ketik', 'coretax', 'hrs', 'ngurus', 'kppsama', 'petugas', 'tpt', 'disalahin', 'salah', 'input', 'pas', 'ngetik', 'email', 'kpplhaaa', 'salah', 'sistem', 'coretaxkenapa', 'disalahintrus', 'lha', 'djp', 'online', 'emailnyakan', 'migrasi', 'coretax', 'hrsnya', 'donglgs', 'diem', 'petugasnyaudh', 'salah', 'ketik', 'hrs', 'kpp']",pengalaman alamat email salah ketik coretax hrs ngurus kppsama petugas tpt disalahin salah input pas ngetik email kpplhaaa salah sistem coretaxkenapa disalahintrus lha djp online emailnyakan migrasi coretax hrsnya donglgs diem petugasnyaudh salah ketik hrs kpp,Topik 4 - OTP/Verifikasi Email
Untuk pengajuan norma diperpanjang dong admin waktunya... Dari tgl 27 utk notifikasi email ganti sandi aja ga ada di coretan pdhl status sukses,instagram,untuk pengajuan norma diperpanjang dong admin waktunya dari tgl  utk notifikasi email ganti sandi aja ga ada di coretan pdhl status sukses,"['untuk', 'pengajuan', 'norma', 'diperpanjang', 'dong', 'admin', 'waktunya', 'dari', 'tanggal', '27', 'untuk', 'notifikasi', 'email', 'ganti', 'sandi', 'saja', 'tidak', 'ada', 'di', 'coretan', 'padahal', 'status', 'sukses']",-17,negative,"['pengajuan', 'norma', 'diperpanjang', 'admin', 'tgl', 'utk', 'notifikasi', 'email', 'ganti', 'sandi', 'aja', 'coretan', 'pdhl', 'status', 'sukses']",pengajuan norma diperpanjang admin tgl utk notifikasi email ganti sandi aja coretan pdhl status sukses,Topik 4 - OTP/Verifikasi Email
